Ending,Word
era,maltera
era,hungariera
era,indonesiera
era,ingelera
era,ionosfera
era,islandiera
era,italiera
era,japoniera
era,kera
era,klera
era,kolera
era,korsikera
era,kroaziera
era,lera
era,letoniera
era,litera
era,litosfera
era,lituaniera
era,alemanera
era,mazedoniera
era,mongoliera
era,norvegiera
era,okzitaniera
era,opera
era,pera
era,poloniera
era,portugalera
era,serbiera
era,siziliera
era,somaliera
era,hidrosfera
era,suediera
era,gera
era,gaztelera
era,armeniera
era,artera
era,astebukaera
era,asturiera
era,aukera
era,azerbaijanera
era,bandera
era,batera
era,bera
era,bielorrusiera
era,albaniera
era,abkhazera
era,biera
era,bosniera
era,bretoiera
era,bulgariera
era,daniera
era,dera
era,era
era,errera
era,errumaniera
era,errusiera
era,eslovakiera
era,esloveniera
era,estoniera
era,euskera
era,finlandiera
era,fotosfera
era,galesera
era,georgiera
era,tailandiera
era,arabiera
era,termosfera
era,zera
era,vietnamera
era,ukrainera
era,tera
era,turkiera
era,troposfera
era,txekiera
iera,norvegiera
iera,mongoliera
iera,mazedoniera
iera,lituaniera
iera,letoniera
iera,kroaziera
iera,japoniera
iera,italiera
iera,islandiera
iera,indonesiera
iera,hungariera
iera,georgiera
iera,finlandiera
iera,esloveniera
iera,errusiera
iera,okzitaniera
iera,daniera
iera,bulgariera
iera,bretoiera
iera,bosniera
iera,biera
iera,bielorrusiera
iera,asturiera
iera,armeniera
iera,arabiera
iera,albaniera
iera,eslovakiera
iera,errumaniera
iera,estoniera
iera,turkiera
iera,txekiera
iera,tailandiera
iera,suediera
iera,poloniera
iera,somaliera
iera,siziliera
iera,serbiera
ren,deren
ren,eneren
ren,zurren
ren,aporen
ren,zurraren
ren,uveren
ren,barren
ren,bordaren
ren,balearen
ren,bakeren
ren,beharren
ren,haren
ren,uren
ren,beren
ren,teren
ren,peren
ren,oren
ren,miren
ren,alderen
ren,leraren
ren,kuren
ren,tren
ren,karen
ren,heren
ren,airearen
ren,alabaren
ari,askari
ari,abeslari
ari,argazkilari
ari,ari
ari,atari
ari,dendari
ari,zezenkari
ari,postari
ari,nebari
ari,lehendakari
ari,sari
ari,sukaldari
ari,beari
ari,lari
ari,lagunari
ari,kari
ari,janari
ari,hari
ari,atzelari
ari,gari
ari,eskari
ari,edari
ari,nekazari
ari,politikari
ika,ekonomika
ika,pika
ika,robotika
ika,musika
ika,hirurogeita hamaika
ika,jamaika
ika,elektronika
ika,fisika
ika,gramatika
ika,berrogeita hamaika
ika,belgika
ika,astronautika
ika,logika
ika,astrofisika
ika,aeronautika
ika,aerodinamika
ika,hamaika
ika,hego afrika
ika,hika
ika,hogeita hamaika
ika,aerostatika
ika,birika
ika,matematika
tzi,zortzi
tzi,iritzi
tzi,bederatzi
tzi,berrogeita bederatzi
tzi,berrogeita hamazortzi
tzi,berrogeita hemeretzi
tzi,berrogeita hemezortzi
tzi,berrogeita zortzi
tzi,etzi
tzi,hemeretzi
tzi,hemezortzi
tzi,hamazortzi
tzi,hirurogeita hamazortzi
tzi,idatzi
tzi,hogeita zortzi
tzi,hirurogeita bederatzi
tzi,hogeita hemeretzi
tzi,hogeita hamazortzi
tzi,hogeita hemezortzi
tzi,hirurogeita zortzi
tzi,hirurogeita hemezortzi
tzi,hirurogeita hemeretzi
tzi,hogeita bederatzi
iar,abkhaziar
iar,leiar
iar,kroaziar
iar,japoniar
iar,italiar
iar,albaniar
iar,espainiar
iar,hungariar
iar,islandiar
iar,eslovakiar
iar,esloveniar
iar,georgiar
iar,daniar
iar,bulgariar
iar,bielorrusiar
iar,errusiar
iar,austriar
iar,errumaniar
iar,alemaniar
iar,armeniar
iar,estoniar
iar,finlandiar
iar,frantziar
rri,barri
rri,baserri
rri,belarri
rri,aberri
rri,berri
rri,zerri
rri,urri
rri,udaberri
rri,txingurri
rri,eguberri
rri,katagorri
rri,irri
rri,irakurri
rri,inurri
rri,hurri
rri,herri
rri,harri
rri,garri
rri,etorri
rri,erri
rri,sarri
rri,txerri
ate,agate
ate,pansexualitate
ate,homosexualitate
ate,sexualitate
ate,skate
ate,tomate
ate,trinitate
ate,moralitate
ate,mendate
ate,kate
ate,intersexualitate
ate,identitate
ate,fidelitate
ate,probabilitate
ate,esate
ate,diate
ate,bisexualitate
ate,bezate
ate,basate
ate,ate
ate,ahate
tan,kirgizistan
tan,satan
tan,seitan
tan,nitan
tan,menditan
tan,lotan
tan,pagotan
tan,lautan
tan,batzuetan
tan,getan
tan,betan
tan,beetan
tan,agatan
tan,etan
tan,hartan
tan,afganistan
tan,bostan
tan,katan
tan,hitan
tan,bitan
tan,kazakhstan
ian,nian
ian,moldavian
ian,lilian
ian,hungarian
ian,jugoslavian
ian,zian
ian,radian
ian,pandemian
ian,bulgarian
ian,bian
ian,austrian
ian,tunisian
ian,australian
ian,albanian
ian,estonian
ian,italian
ria,txerria
ria,txikoria
ria,aljeria
ria,traiektoria
ria,siria
ria,liberia
ria,hungaria
ria,historia
ria,feria
ria,transnistria
ria,etxe zuria
ria,bulgaria
ria,bordaria
ria,azerikeria
ria,austria
gia,fonologia
gia,neurologia
gia,teknologia
gia,mineralogia
gia,kronologia
gia,hematologia
gia,georgia
gia,psikologia
gia,epistemologia
gia,norvegia
gia,alergia
gia,egia
gia,biologia
gia,antropologia
gia,estrategia
ien,bordarien
ien,bien
ien,nien
ien,zien
ien,dien
ien,deien
ien,filosofien
ien,ontzien
ien,hien
ien,rabbien
ien,seien
ien,gezien
ien,hakien
ien,haien
ien,henkien
nia,japonia
nia,gaztelania
nia,letonia
nia,jordania
nia,alemania
nia,armenia
nia,albania
nia,errumania
nia,eslovenia
nia,estonia
nia,espainia
nia,eskizofrenia
nia,polonia
nia,lituania
ain,alain
ain,zain
ain,plantain
ain,orain
ain,arrain
ain,lain
ain,ekain
ain,ezpain
ain,gain
ain,nain
ain,izain
ain,katuarrain
ain,darrain
ain,artzain
dia,euskaltzaindia
dia,india
dia,britainia handia
dia,islandia
dia,lidia
dia,mendia
dia,adia
dia,rapsodia
dia,suedia
dia,thailandia
dia,finlandia
dia,entziklopedia
dia,badia
dia,abadia
smo,militarismo
smo,ateismo
smo,autismo
smo,internazionalismo
smo,kapitalismo
smo,komunismo
smo,nazionalismo
smo,abolizionismo
smo,orgasmo
smo,razionalismo
smo,terrorismo
smo,absolutismo
smo,neologismo
rra,andorra
rra,ingalaterra
rra,hurra
rra,herra
rra,txakurra
rra,gabarra
rra,gerra
rra,marra
rra,farra
rra,arra
rra,parra
rra,zurra
rra,zilarra
ean,gean
ean,zean
ean,pean
ean,kean
ean,kalean
ean,behin batean
ean,urean
ean,bean
ean,dean
ean,batean
ean,airean
ean,abalean
ean,tean
niera,letoniera
niera,esloveniera
niera,errumaniera
niera,estoniera
niera,armeniera
niera,mazedoniera
niera,okzitaniera
niera,poloniera
niera,lituaniera
niera,japoniera
niera,albaniera
niera,bosniera
niera,daniera
ara,antzara
ara,basara
ara,bordara
ara,udara
ara,separa
ara,kumara
ara,ketara
ara,kara
ara,hartara
ara,gauenara
ara,gara
ara,euskara
ara,enara
sta,nazionalista
sta,lakasta
sta,festa
sta,masusta
sta,komunista
sta,bista
sta,bosta
sta,abolizionista
sta,absolutista
sta,artista
sta,kapitalista
sta,marxista
rtzi,hogeita zortzi
rtzi,zortzi
rtzi,berrogeita hemezortzi
rtzi,berrogeita hamazortzi
rtzi,hogeita hemezortzi
rtzi,berrogeita zortzi
rtzi,hirurogeita zortzi
rtzi,hirurogeita hemezortzi
rtzi,hirurogeita hamazortzi
rtzi,hemezortzi
rtzi,hamazortzi
rtzi,hogeita hamazortzi
eko,eneko
eko,zeko
eko,teko
eko,peko
eko,nazioarteko
eko,kokozpeko
eko,keko
eko,geko
eko,greko
eko,beko
eko,izeko
eko,deko
ortzi,hemezortzi
ortzi,hirurogeita hemezortzi
ortzi,hirurogeita zortzi
ortzi,hogeita hamazortzi
ortzi,hirurogeita hamazortzi
ortzi,berrogeita zortzi
ortzi,berrogeita hemezortzi
ortzi,hogeita hemezortzi
ortzi,hogeita zortzi
ortzi,zortzi
ortzi,hamazortzi
ortzi,berrogeita hamazortzi
ismo,razionalismo
ismo,terrorismo
ismo,abolizionismo
ismo,absolutismo
ismo,ateismo
ismo,neologismo
ismo,internazionalismo
ismo,komunismo
ismo,militarismo
ismo,nazionalismo
ismo,autismo
ismo,kapitalismo
zortzi,hirurogeita hamazortzi
zortzi,hogeita hamazortzi
zortzi,hogeita hemezortzi
zortzi,hamazortzi
zortzi,berrogeita zortzi
zortzi,berrogeita hemezortzi
zortzi,berrogeita hamazortzi
zortzi,hemezortzi
zortzi,hirurogeita hemezortzi
zortzi,hogeita zortzi
zortzi,zortzi
zortzi,hirurogeita zortzi
ina,mina
ina,anfetamina
ina,lina
ina,domina
ina,adenina
ina,argentina
ina,mandarina
ina,palestina
ina,txina
ina,zikoina
ina,ukraina
iko,enigmatiko
iko,katoliko
iko,mexiko
iko,ekonomiko
iko,biko
iko,trafiko
iko,artseniko
iko,pornografiko
iko,piko
iko,politiko
iko,plastiko
itate,sexualitate
itate,fidelitate
itate,bisexualitate
itate,probabilitate
itate,pansexualitate
itate,moralitate
itate,trinitate
itate,intersexualitate
itate,identitate
itate,homosexualitate
logia,kronologia
logia,hematologia
logia,biologia
logia,antropologia
logia,psikologia
logia,mineralogia
logia,neurologia
logia,teknologia
logia,fonologia
logia,epistemologia
ata,demokrata
ata,abata
ata,ezpata
ata,bata
ata,akrobata
ata,larunbata
ata,patata
ata,zapata
ata,estrata
ata,agata
ogia,kronologia
ogia,hematologia
ogia,psikologia
ogia,fonologia
ogia,teknologia
ogia,mineralogia
ogia,epistemologia
ogia,neurologia
ogia,biologia
ogia,antropologia
atu,zapatu
atu,senatu
atu,teklatu
atu,etxe-katu
atu,aukeratu
atu,bilatu
atu,batu
atu,katu
atu,datu
atu,oratu
tate,homosexualitate
tate,identitate
tate,bisexualitate
tate,intersexualitate
tate,moralitate
tate,trinitate
tate,pansexualitate
tate,probabilitate
tate,sexualitate
tate,fidelitate
erri,berri
erri,eguberri
erri,erri
erri,baserri
erri,udaberri
erri,zerri
erri,aberri
erri,herri
erri,txerri
tza,koartza
tza,izotza
tza,motza
tza,ama-hizkuntza
tza,suitza
tza,arrautza
tza,abesbatza
tza,hizkuntza
tza,hondartza
ura,estatura
ura,abentura
ura,ura
ura,tortura
ura,deitura
ura,kultura
ura,kura
ura,hura
ura,laura
ologia,teknologia
ologia,biologia
ologia,epistemologia
ologia,antropologia
ologia,fonologia
ologia,kronologia
ologia,psikologia
ologia,hematologia
ologia,neurologia
niar,errumaniar
niar,esloveniar
niar,espainiar
niar,estoniar
niar,japoniar
niar,albaniar
niar,alemaniar
niar,daniar
niar,armeniar
ale,arrantzale
ale,abenturazale
ale,abertzale
ale,ale
ale,kale
ale,ortzirale
ale,ospitale
ale,gale
ale,bale
ran,andorran
ran,aran
ran,basaran
ran,iran
ran,beran
ran,erran
ran,zurran
ran,primeran
ran,haran
ing,travelling
ing,camping
ing,smoking
ing,casting
ing,ranking
ing,parking
ing,holding
ing,curling
ing,catering
een,geen
een,deen
een,been
een,baleen
een,zeen
een,aireen
een,keen
een,teen
een,peen
ost,hirurogeita hamabost
ost,berrogeita bost
ost,prost
ost,berrogeita hamabost
ost,hogeita bost
ost,hamabost
ost,bost
ost,hogeita hamabost
ost,hirurogeita bost
iru,hirurogeita hamahiru
iru,berrogeita hiru
iru,hogeita hamahiru
iru,hogeita hiru
iru,hiru
iru,hamahiru
iru,berrogeita hamahiru
iru,diru
iru,hirurogeita hiru
ora,ahora
ora,talora
ora,pandora
ora,nora
ora,metafora
ora,leonora
ora,gora
ora,anafora
ora,aizkora
ten,agaten
ten,akrobaten
ten,baten
ten,hasten
ten,eguazten
ten,poeten
ten,joten
ten,nazaten
ten,eten
eren,teren
eren,uveren
eren,peren
eren,heren
eren,deren
eren,beren
eren,eneren
eren,alderen
eren,bakeren
eri,deri
eri,beri
eri,peri
eri,geri
eri,eri
eri,azeri
eri,bakeri
eri,zeri
eri,teri
ail,irail
ail,epail
ail,zail
ail,jorrail
ail,lastail
ail,sail
ail,uztail
ail,lorail
ail,otsail
zpi,hirurogeita hamazazpi
zpi,berrogeita zazpi
zpi,hirurogeita zazpi
zpi,hogeita hamazazpi
zpi,berrogeita hamazazpi
zpi,hogeita zazpi
zpi,zazpi
zpi,hamazazpi
aren,balearen
aren,bordaren
aren,alabaren
aren,zurraren
aren,leraren
aren,karen
aren,haren
aren,airearen
ori,ardori
ori,inori
ori,nori
ori,tori
ori,txori
ori,hori
ori,nanori
ori,zori
sei,hirurogeita hamasei
sei,hirurogeita sei
sei,hogeita hamasei
sei,hogeita sei
sei,hamasei
sei,sei
sei,berrogeita hamasei
sei,berrogeita sei
litate,sexualitate
litate,probabilitate
litate,moralitate
litate,pansexualitate
litate,bisexualitate
litate,fidelitate
litate,homosexualitate
litate,intersexualitate
ita,imita
ita,paita
ita,aita
ita,polita
ita,baita
ita,bisita
ita,igita
ita,ermita
zia,frantzia
zia,grezia
zia,abkhazia
zia,letizia
zia,eskozia
zia,polizia
zia,kroazia
zia,diplomazia
azpi,zazpi
azpi,hirurogeita zazpi
azpi,hogeita zazpi
azpi,hirurogeita hamazazpi
azpi,berrogeita hamazazpi
azpi,hamazazpi
azpi,berrogeita zazpi
azpi,hogeita hamazazpi
lau,hamalau
lau,hirurogeita hamalau
lau,berrogeita lau
lau,hirurogeita lau
lau,hogeita hamalau
lau,hogeita lau
lau,lau
lau,berrogeita hamalau
zazpi,hogeita hamazazpi
zazpi,hamazazpi
zazpi,berrogeita zazpi
zazpi,berrogeita hamazazpi
zazpi,hogeita zazpi
zazpi,zazpi
zazpi,hirurogeita hamazazpi
zazpi,hirurogeita zazpi
hiru,berrogeita hiru
hiru,hiru
hiru,berrogeita hamahiru
hiru,hirurogeita hamahiru
hiru,hirurogeita hiru
hiru,hogeita hiru
hiru,hogeita hamahiru
hiru,hamahiru
dar,beldar
dar,portugaldar
dar,mandar
dar,indar
dar,azerbaijandar
dar,afganistandar
dar,adar
dar,radar
uri,kuri
uri,baratxuri
uri,gauri
uri,euri
uri,zuri
uri,uri
uri,guri
uri,lauri
bost,bost
bost,hogeita bost
bost,hogeita hamabost
bost,hirurogeita hamabost
bost,hirurogeita bost
bost,hamabost
bost,berrogeita hamabost
bost,berrogeita bost
nte,absente
nte,tente
nte,bolante
nte,elefante
nte,igante
nte,independente
nte,ponte
nte,presidente
bia,tibia
bia,abia
bia,bia
bia,serbia
bia,cumbia
bia,rabbia
bia,saudi arabia
bia,xenofobia
ista,abolizionista
ista,artista
ista,bista
ista,absolutista
ista,komunista
ista,nazionalista
ista,kapitalista
ista,marxista
eta,zeta
eta,urrieta
eta,aukeraketa
eta,opereta
eta,meta
eta,kometa
eta,eta
eta,poeta
eek,beek
eek,deek
eek,geek
eek,keek
eek,peek
eek,teek
eek,zeek
ndia,thailandia
ndia,mendia
ndia,islandia
ndia,india
ndia,finlandia
ndia,euskaltzaindia
ndia,britainia handia
ama,anagrama
ama,ama
ama,zama
ama,sama
ama,pentagrama
ama,llama
ama,lama
are,landare
are,nare
are,sare
are,zizare
are,are
are,bare
are,armiarma-sare
aro,urtaro
aro,aro
aro,adaro
aro,txaro
aro,hostaro
aro,ereiaro
aro,azaro
gun,egun
gun,gaur egun
gun,ortzegun
gun,ostegun
gun,neskenegun
gun,lagun
gun,herenegun
aba,alaba
aba,asaba
aba,baba
aba,indaba
aba,naba
aba,aba
aba,osaba
ira,bira
ira,ira
ira,dira
ira,desira
ira,deira
ira,beira
ira,capoeira
ila,abantaila
ila,barantaila
ila,bila
ila,maila
ila,mila
ila,pila
ila,asimila
itz,egubakoitz
itz,ebiakoitz
itz,aditz
itz,zuhaitz
itz,eneritz
itz,eskutitz
itz,haritz
ide,abside
ide,lide
ide,bide
ide,asteroide
ide,amaginarrebakide
ide,aitaginarrebakide
ide,adibide
egi,abegi
egi,hiztegi
egi,adegi
egi,begi
egi,euskaltegi
egi,usategi
egi,inurritegi
ano,aeroplano
ano,amerikano
ano,nano
ano,libano
ano,giordano
ano,ekranoplano
ano,arrano
ril,urril
ril,orril
ril,garil
ril,urtarril
ril,garagarril
ril,agorril
ril,apiril
ker,aker
ker,anker
ker,esker
ker,ezker
ker,iker
ker,musker
ker,poker
iro,tiro
iro,niro
iro,berriro
iro,diro
iro,liro
iro,hiro
iro,giro
rin,urin
rin,irin
rin,gurin
rin,darin
rin,berin
rin,arin
lera,lera
lera,kolera
lera,klera
lera,ingelera
lera,gaztelera
lera,portugalera
tor,nator
tor,sator
tor,betor
tor,dator
tor,aitor
tor,liztor
tika,robotika
tika,matematika
tika,gramatika
tika,astronautika
tika,aerostatika
tika,aeronautika
ania,alemania
ania,albania
ania,errumania
ania,gaztelania
ania,jordania
ania,lituania
men,hemen
men,men
men,kirmen
men,kemen
men,abdomen
men,omen
kia,turkia
kia,anarkia
kia,eslovakia
kia,hierarkia
kia,monarkia
kia,oligarkia
mar,hamar
mar,hogeita hamar
mar,hirurogeita hamar
mar,aimar
mar,berrogeita hamar
mar,samar
sfera,hidrosfera
sfera,ionosfera
sfera,litosfera
sfera,termosfera
sfera,fotosfera
sfera,troposfera
alitate,intersexualitate
alitate,homosexualitate
alitate,bisexualitate
alitate,sexualitate
alitate,moralitate
alitate,pansexualitate
ore,more
ore,lore
ore,dotore
ore,amore
ore,adore
ore,ore
egun,ostegun
egun,ortzegun
egun,neskenegun
egun,herenegun
egun,egun
egun,gaur egun
kar,makar
kar,nakar
kar,hakar
kar,belgikar
kar,bakar
kar,autokar
gar,gar
gar,negar
gar,langar
gar,sagar
gar,sugar
gar,legar
ola,angola
ola,ikastola
ola,eskola
ola,alkohola
ola,pistola
ola,arbola
ken,ken
ken,asteazken
ken,duken
ken,liken
ken,udazken
ken,diken
kari,kari
kari,lehendakari
kari,politikari
kari,zezenkari
kari,eskari
kari,askari
osfera,termosfera
osfera,troposfera
osfera,fotosfera
osfera,litosfera
osfera,ionosfera
osfera,hidrosfera
ndo,ukondo
ndo,mando
ndo,abondo
ndo,sagarrondo
ndo,aranondo
ndo,ondo
ero,kulero
ero,bero
ero,zero
ero,gero
ero,helikoptero
ero,ero
arra,farra
arra,arra
arra,gabarra
arra,zilarra
arra,marra
arra,parra
ndi,zemendi
ndi,abundi
ndi,burundi
ndi,mendi
ndi,sendi
ndi,sumendi
har,bihar
har,behar
har,har
har,zahar
har,lahar
har,ihar
zen,izen
zen,zen
zen,martitzen
zen,gizen
zen,abizen
zen,zezen
uts,errauts
uts,uts
uts,lore-hauts
uts,hauts
uts,huts
uts,bisuts
uta,puta
uta,aeronauta
uta,fruta
uta,hauta
uta,nekatuta
uta,prostituta
uru,buru
uru,liburu
uru,hiriburu
uru,asteburu
uru,aburu
uru,kanguru
fera,troposfera
fera,ionosfera
fera,fotosfera
fera,litosfera
fera,termosfera
fera,hidrosfera
nda,azienda
nda,denda
nda,landa
nda,menda
nda,tinda
nda,irlanda
ona,aitona
ona,pertsona
ona,ona
ona,tona
ona,gona
kin,hegazkin
kin,okin
kin,harakin
kin,deekin
kin,keekin
etan,betan
etan,beetan
etan,getan
etan,etan
etan,batzuetan
ena,asteazkena
ena,hiena
ena,barrena
ena,atena
ena,astelehena
lia,italia
lia,familia
lia,australia
lia,animalia
lia,mongolia
tera,maltera
tera,litera
tera,batera
tera,artera
tera,tera
ala,ala
ala,hala
ala,koala
ala,ostirala
ala,abala
amar,hamar
amar,samar
amar,hogeita hamar
amar,hirurogeita hamar
amar,berrogeita hamar
par,papar
par,apar
par,ipar
par,kapar
par,lapar
dea,izurdea
dea,igandea
dea,dea
dea,aldea
dea,abadea
maika,hirurogeita hamaika
maika,hogeita hamaika
maika,jamaika
maika,berrogeita hamaika
maika,hamaika
ete,kakahuete
ete,etete
ete,pakete
ete,bete
ete,diete
bil,zibil
bil,babil
bil,ukabil
bil,abil
bil,kiribil
zar,lizar
zar,liztortzar
zar,saguzar
zar,izar
zar,bizar
buru,hiriburu
buru,asteburu
buru,buru
buru,liburu
buru,aburu
ondo,abondo
ondo,ukondo
ondo,sagarrondo
ondo,aranondo
ondo,ondo
etxe,putetxe
etxe,jatetxe
etxe,ikastetxe
etxe,erietxe
etxe,etxe
ana,joana
ana,ghana
ana,germana
ana,bana
ana,alemana
ela,arbela
ela,gela
ela,gisela
ela,kandela
ela,duela
amaika,hirurogeita hamaika
amaika,hogeita hamaika
amaika,hamaika
amaika,berrogeita hamaika
amaika,jamaika
etzi,hogeita hemeretzi
etzi,hirurogeita hemeretzi
etzi,hemeretzi
etzi,berrogeita hemeretzi
etzi,etzi
urri,urri
urri,inurri
urri,hurri
urri,txingurri
urri,irakurri
dan,edan
dan,didan
dan,bordan
dan,barbudan
dan,ramadan
arri,sarri
arri,garri
arri,harri
arri,belarri
arri,barri
una,asuna
una,euskadi ta askatasuna
una,laguna
una,ugaztuna
una,osteguna
oniera,mazedoniera
oniera,letoniera
oniera,poloniera
oniera,japoniera
oniera,estoniera
txe,jatetxe
txe,ikastetxe
txe,etxe
txe,erietxe
txe,putetxe
tura,tortura
tura,kultura
tura,estatura
tura,deitura
tura,abentura
tun,kutun
tun,atun
tun,ugaztun
tun,kuttun
tun,jostun
aika,hogeita hamaika
aika,hirurogeita hamaika
aika,berrogeita hamaika
aika,jamaika
aika,hamaika
bat,bat
bat,larunbat
bat,hirurogeita bat
bat,berrogeita bat
bat,hogeita bat
nen,leunen
nen,ginen
nen,barnen
nen,asunen
nen,aitonen
ter,skater
ter,laster
ter,krater
ter,charter
ter,plater
itan,seitan
itan,nitan
itan,menditan
itan,hitan
itan,bitan
dez,dez
dez,abadez
dez,mesedez
dez,bordez
dez,adibidez
sun,maskulinotasun
sun,eritasun
sun,asun
sun,abertzaletasun
sun,aberastasun
ste,abeste
ste,aste
ste,beste
ste,haste
ste,oste
aniera,daniera
aniera,albaniera
aniera,errumaniera
aniera,okzitaniera
aniera,lituaniera
atzi,idatzi
atzi,hirurogeita bederatzi
atzi,hogeita bederatzi
atzi,berrogeita bederatzi
atzi,bederatzi
abi,hogeitabi
abi,hamabi
abi,berrogeita hamabi
abi,hogeita hamabi
abi,hirurogeita hamabi
rte,pasaporte
rte,arte
rte,astearte
rte,uharte
rte,tarte
rro,olagarro
rro,txarro
rro,zorro
rro,zomorro
rro,erro
rril,agorril
rril,urril
rril,urtarril
rril,orril
rril,garagarril
rre,erre
rre,besaurre
rre,urre
rre,barre
rre,arre
asun,abertzaletasun
asun,asun
asun,eritasun
asun,maskulinotasun
asun,aberastasun
rkia,turkia
rkia,oligarkia
rkia,monarkia
rkia,hierarkia
rkia,anarkia
ota,mota
ota,jota
ota,pilota
ota,bota
aniar,daniar
aniar,errumaniar
aniar,albaniar
aniar,alemaniar
oka,oka
oka,joka
oka,dortoka
oka,soka
ogei,laurogei
ogei,hirurogei
ogei,berrogei
ogei,hogei
hamalau,hamalau
hamalau,hogeita hamalau
hamalau,hirurogeita hamalau
hamalau,berrogeita hamalau
oke,koke
oke,karaoke
oke,bloke
oke,hioke
oko,moko
oko,maroko
oko,joko
oko,amiamoko
amasei,hogeita hamasei
amasei,hirurogeita hamasei
amasei,hamasei
amasei,berrogeita hamasei
azortzi,hamazortzi
azortzi,hogeita hamazortzi
azortzi,hirurogeita hamazortzi
azortzi,berrogeita hamazortzi
hamar,hogeita hamar
hamar,berrogeita hamar
hamar,hamar
hamar,hirurogeita hamar
amalau,hogeita hamalau
amalau,hirurogeita hamalau
amalau,berrogeita hamalau
amalau,hamalau
ago,pago
ago,kartago
ago,hago
ago,dago
ndar,indar
ndar,azerbaijandar
ndar,afganistandar
ndar,mandar
zil,gorotzil
zil,hazil
zil,izotzil
zil,lotazil
oan,heroan
oan,joan
oan,doan
oan,eroan
ezortzi,hogeita hemezortzi
ezortzi,hirurogeita hemezortzi
ezortzi,hemezortzi
ezortzi,berrogeita hemezortzi
zan,hazan
zan,izan
zan,nazan
zan,ezan
ntu,komentu
ntu,kuantu
ntu,dokumentu
ntu,kontu
kera,kera
kera,euskera
kera,aukera
kera,korsikera
hamasei,hirurogeita hamasei
hamasei,hogeita hamasei
hamasei,berrogeita hamasei
hamasei,hamasei
amabost,hirurogeita hamabost
amabost,hamabost
amabost,berrogeita hamabost
amabost,hogeita hamabost
amabi,hamabi
amabi,hogeita hamabi
amabi,hirurogeita hamabi
amabi,berrogeita hamabi
bata,abata
bata,akrobata
bata,bata
bata,larunbata
arkia,oligarkia
arkia,hierarkia
arkia,anarkia
arkia,monarkia
ein,sein
ein,orein
ein,liechtenstein
ein,zein
arte,tarte
arte,arte
arte,uharte
arte,astearte
ahiru,hirurogeita hamahiru
ahiru,berrogeita hamahiru
ahiru,hamahiru
ahiru,hogeita hamahiru
amahiru,berrogeita hamahiru
amahiru,hamahiru
amahiru,hogeita hamahiru
amahiru,hirurogeita hamahiru
azazpi,hogeita hamazazpi
azazpi,hirurogeita hamazazpi
azazpi,hamazazpi
azazpi,berrogeita hamazazpi
ume,txakurkume
ume,txerrikume
ume,ume
ume,emakume
uma,erresuma
uma,suma
uma,luma
uma,kuma
uan,zuan
uan,kuan
uan,lauan
uan,antiguan
oin,altxoin
oin,karroin
oin,oin
oin,soin
onia,polonia
onia,estonia
onia,letonia
onia,japonia
mia,astronomia
mia,pandemia
mia,anatomia
mia,arkeoastronomia
man,german
man,aleman
man,eman
man,iman
eak,peak
eak,keak
eak,beak
eak,teak
akur,etxe-txakur
akur,zakur
akur,txakur
akur,artzain-txakur
len,polen
len,julen
len,alkoholen
len,ilen
rik,zerik
rik,terik
rik,perik
rik,barik
malau,hamalau
malau,hirurogeita hamalau
malau,hogeita hamalau
malau,berrogeita hamalau
aten,nazaten
aten,baten
aten,agaten
aten,akrobaten
abost,berrogeita hamabost
abost,hamabost
abost,hirurogeita hamabost
abost,hogeita hamabost
eria,liberia
eria,feria
eria,azerikeria
eria,aljeria
meretzi,berrogeita hemeretzi
meretzi,hogeita hemeretzi
meretzi,hirurogeita hemeretzi
meretzi,hemeretzi
fia,demografia
fia,filosofia
fia,geografia
fia,pornografia
tua,abitua
tua,erresuma batua
tua,estatua
tua,katua
ino,tximino
ino,san marino
ino,lino
ino,pinguino
liera,somaliera
liera,siziliera
liera,mongoliera
liera,italiera
deratzi,hogeita bederatzi
deratzi,bederatzi
deratzi,berrogeita bederatzi
deratzi,hirurogeita bederatzi
hamaika,hogeita hamaika
hamaika,hirurogeita hamaika
hamaika,hamaika
hamaika,berrogeita hamaika
tik,detik
tik,politik
tik,bitik
tik,betik
alau,berrogeita hamalau
alau,hamalau
alau,hirurogeita hamalau
alau,hogeita hamalau
lari,abeslari
lari,argazkilari
lari,lari
lari,atzelari
asei,hogeita hamasei
asei,hirurogeita hamasei
asei,hamasei
asei,berrogeita hamasei
lismo,razionalismo
lismo,nazionalismo
lismo,kapitalismo
lismo,internazionalismo
tegi,hiztegi
tegi,usategi
tegi,inurritegi
tegi,euskaltegi
eretzi,hemeretzi
eretzi,hogeita hemeretzi
eretzi,berrogeita hemeretzi
eretzi,hirurogeita hemeretzi
tasun,eritasun
tasun,abertzaletasun
tasun,aberastasun
tasun,maskulinotasun
retzi,hemeretzi
retzi,hirurogeita hemeretzi
retzi,berrogeita hemeretzi
retzi,hogeita hemeretzi
mazazpi,hirurogeita hamazazpi
mazazpi,hogeita hamazazpi
mazazpi,hamazazpi
mazazpi,berrogeita hamazazpi
ion,hion
ion,ion
ion,erosion
ion,dion
masei,hogeita hamasei
masei,hamasei
masei,berrogeita hamasei
masei,hirurogeita hamasei
gai,papagai
gai,gai
gai,abadegai
gai,apaizgai
andia,thailandia
andia,finlandia
andia,britainia handia
andia,islandia
mabost,hogeita hamabost
mabost,hirurogeita hamabost
mabost,hamabost
mabost,berrogeita hamabost
berri,udaberri
berri,aberri
berri,berri
berri,eguberri
rea,tigrea
rea,airea
rea,sufrea
rea,urrea
eno,oxigeno
eno,nitrogeno
eno,bueno
eno,hidrogeno
stan,afganistan
stan,bostan
stan,kirgizistan
stan,kazakhstan
rdo,absurdo
rdo,ardo
rdo,gerardo
rdo,kakalardo
rde,urde
rde,berde
rde,basurde
rde,izurde
sia,bielorrusia
sia,errusia
sia,indonesia
sia,tunisia
hamabi,hamabi
hamabi,hogeita hamabi
hamabi,berrogeita hamabi
hamabi,hirurogeita hamabi
amu,mamu
amu,aramu
amu,amu
amu,damu
endi,mendi
endi,zemendi
endi,sumendi
endi,sendi
rba,tiorba
rba,masturba
rba,arba
rba,ainarba
kur,zakur
kur,txakur
kur,etxe-txakur
kur,artzain-txakur
atz,behatz
atz,hatz
atz,maiatz
atz,gatz
akar,hakar
akar,makar
akar,nakar
akar,bakar
ratzi,hogeita bederatzi
ratzi,hirurogeita bederatzi
ratzi,bederatzi
ratzi,berrogeita bederatzi
rain,katuarrain
rain,orain
rain,darrain
rain,arrain
ente,presidente
ente,tente
ente,absente
ente,independente
mabi,berrogeita hamabi
mabi,hirurogeita hamabi
mabi,hogeita hamabi
mabi,hamabi
gei,hogei
gei,berrogei
gei,laurogei
gei,hirurogei
diera,suediera
diera,islandiera
diera,tailandiera
diera,finlandiera
ere,bere
ere,andere
ere,ere
ere,setemere
gon,jagon
gon,egon
gon,zagon
gon,nagon
esa,maionesa
esa,abadesa
esa,presa
esa,ingelesa
itu,abitu
itu,mugitu
itu,espiritu
itu,aditu
apar,kapar
apar,apar
apar,lapar
apar,papar
gan,eslogan
gan,slogan
gan,igan
gan,mugan
roi,txipiroi
roi,antiheroi
roi,heroi
roi,euroi
rna,barna
rna,taberna
rna,sarna
rna,ekarna
alismo,nazionalismo
alismo,razionalismo
alismo,internazionalismo
alismo,kapitalismo
mahiru,hamahiru
mahiru,berrogeita hamahiru
mahiru,hirurogeita hamahiru
mahiru,hogeita hamahiru
eratzi,bederatzi
eratzi,berrogeita bederatzi
eratzi,hirurogeita bederatzi
eratzi,hogeita bederatzi
rma,arma
rma,forma
rma,horma
rma,armiarma
otz,bihotz
otz,hotz
otz,motz
otz,izotz
lde,talde
lde,olde
lde,artalde
lde,molde
ako,kako
ako,monako
ako,tabako
ako,abako
ita bi,berrogeita bi
ita bi,hirurogeita bi
ita bi,hogeita bi
 bat,hirurogeita bat
 bat,hogeita bat
 bat,berrogeita bat
ita lau,berrogeita lau
ita lau,hirurogeita lau
ita lau,hogeita lau
ita sei,berrogeita sei
ita sei,hirurogeita sei
ita sei,hogeita sei
eba,amaginarreba
eba,izeba
eba,aitaginarreba
omo,aerodromo
omo,astronomo
omo,atomo
 bi,hirurogeita bi
 bi,berrogeita bi
 bi,hogeita bi
 bost,berrogeita bost
 bost,hirurogeita bost
 bost,hogeita bost
oni,anttoni
oni,leoni
oni,joni
ono,telefono
ono,kono
ono,karbono
 hamabi,hirurogeita hamabi
 hamabi,berrogeita hamabi
 hamabi,hogeita hamabi
 hamar,hogeita hamar
 hamar,berrogeita hamar
 hamar,hirurogeita hamar
ante,igante
ante,bolante
ante,elefante
 hiru,hirurogeita hiru
 hiru,berrogeita hiru
 hiru,hogeita hiru
 lau,hogeita lau
 lau,berrogeita lau
 lau,hirurogeita lau
opa,topa
opa,opa
opa,arropa
oria,traiektoria
oria,historia
oria,txikoria
 sei,berrogeita sei
 sei,hogeita sei
 sei,hirurogeita sei
 zazpi,hirurogeita zazpi
 zazpi,hogeita zazpi
 zazpi,berrogeita zazpi
 zortzi,berrogeita zortzi
 zortzi,hirurogeita zortzi
 zortzi,hogeita zortzi
oro,semaforo
oro,boro
oro,oro
rafia,pornografia
rafia,demografia
rafia,geografia
rail,lorail
rail,irail
rail,jorrail
riar,hungariar
riar,bulgariar
riar,austriar
a bat,hogeita bat
a bat,berrogeita bat
a bat,hirurogeita bat
a bi,hirurogeita bi
a bi,hogeita bi
a bi,berrogeita bi
a bost,berrogeita bost
a bost,hirurogeita bost
a bost,hogeita bost
a hamar,hirurogeita hamar
a hamar,berrogeita hamar
a hamar,hogeita hamar
a hiru,berrogeita hiru
a hiru,hirurogeita hiru
a hiru,hogeita hiru
a lau,berrogeita lau
a lau,hirurogeita lau
a lau,hogeita lau
a sei,berrogeita sei
a sei,hirurogeita sei
a sei,hogeita sei
a zazpi,berrogeita zazpi
a zazpi,hirurogeita zazpi
a zazpi,hogeita zazpi
riera,bulgariera
riera,hungariera
riera,asturiera
rka,danimarka
rka,marka
rka,gorka
rogei,berrogei
rogei,hirurogei
rogei,laurogei
rrain,katuarrain
rrain,darrain
rrain,arrain
kiera,txekiera
kiera,turkiera
kiera,eslovakiera
rran,andorran
rran,zurran
rran,erran
rren,zurren
rren,barren
rren,beharren
run,berun
run,giltzurrun
run,kamerun
siera,bielorrusiera
siera,indonesiera
siera,errusiera
sika,fisika
sika,astrofisika
sika,musika
sil,brasil
sil,fosil
sil,misil
sio,gimnasio
sio,potasio
sio,abrasio
ska,puska
ska,ska
ska,neska
eure,zeure
eure,geure
eure,heure
sko,eskerrik asko
sko,disko
sko,fresko
sti,busti
sti,bosti
sti,abesti
ta bat,hogeita bat
ta bat,berrogeita bat
ta bat,hirurogeita bat
ile,itzultzaile
ile,ile
ile,suhiltzaile
inu,pinu
inu,erreinu
inu,eskusoinu
ta bi,berrogeita bi
ta bi,hirurogeita bi
ta bi,hogeita bi
ta bost,hirurogeita bost
ta bost,berrogeita bost
ta bost,hogeita bost
ta hiru,hirurogeita hiru
ta hiru,hogeita hiru
ta hiru,berrogeita hiru
ta lau,berrogeita lau
ta lau,hogeita lau
ta lau,hirurogeita lau
egia,estrategia
egia,norvegia
egia,egia
ta sei,berrogeita sei
ta sei,hirurogeita sei
ta sei,hogeita sei
hoa,hoa
hoa,ahoa
hoa,ainhoa
abil,abil
abil,babil
abil,ukabil
king,parking
king,ranking
king,smoking
bar,ibar
bar,labar
bar,nabar
ioa,aluminioa
ioa,merkurioa
ioa,potasioa
aran,haran
aran,basaran
aran,aran
tar,baserritar
tar,andorratar
tar,mantar
erik,zerik
erik,terik
erik,perik
tean,behin batean
tean,batean
tean,tean
tetxe,jatetxe
tetxe,putetxe
tetxe,ikastetxe
tiko,politiko
tiko,plastiko
tiko,enigmatiko
gen,aborigen
gen,mugen
gen,legen
ton,charleston
ton,antton
ton,anton
ehen,zenbaki lehen
ehen,lehen
ehen,astelehen
geno,nitrogeno
geno,hidrogeno
geno,oxigeno
iza,organiza
iza,militariza
iza,industrializa
tra,frustra
tra,infiltra
tra,letra
txakur,txakur
txakur,etxe-txakur
txakur,artzain-txakur
txo,garatxo
txo,martxo
txo,pintxo
uda,guda
uda,uda
uda,barbuda
ardo,kakalardo
ardo,gerardo
ardo,ardo
dari,edari
dari,sukaldari
dari,dendari
aria,hungaria
aria,bulgaria
aria,bordaria
ude,daude
ude,gaude
ude,gertrude
uen,eguen
uen,hauen
uen,huen
uka,ostruka
uka,nauka
uka,mauka
adia,abadia
adia,adia
adia,badia
uke,nuke
uke,luke
uke,duke
ula,txirula
ula,angula
ula,taula
uni,laguni
uni,kameruni
uni,leuni
eia,deia
eia,onomatopeia
eia,seia
urde,urde
urde,basurde
urde,izurde
ure,geure
ure,heure
ure,zeure
urra,hurra
urra,zurra
urra,txakurra
usi,itsusi
usi,ikusi
usi,elur-jausi
utu,minutu
utu,mutu
utu,tutu
xakur,txakur
xakur,artzain-txakur
xakur,etxe-txakur
afia,demografia
afia,pornografia
afia,geografia
zain,artzain
zain,zain
zain,izain
zale,abertzale
zale,abenturazale
zale,arrantzale
arna,ekarna
arna,sarna
arna,barna
aga,haga
aga,laga
aga,orreaga
eira,capoeira
eira,beira
eira,deira
eita bi,hogeita bi
eita bi,hirurogeita bi
eita bi,berrogeita bi
ziar,abkhaziar
ziar,frantziar
ziar,kroaziar
izar,bizar
izar,izar
izar,lizar
zien,zien
zien,ontzien
zien,gezien
arrain,arrain
arrain,katuarrain
arrain,darrain
zur,zur
zur,burezur
zur,azur
agon,jagon
agon,zagon
agon,nagon
koa,kakoa
koa,jaungoikoa
koa,artsenikoa
erra,ingalaterra
erra,herra
erra,gerra
ito,aerolito
ito,ito
ito,mito
ele,aristotele
ele,bele
ele,ele
beltz,ilbeltz
beltz,zulo beltz
beltz,beltz
ben,aben
ben,alaben
ben,neben
aila,abantaila
aila,barantaila
aila,maila
der,ander
der,elder
der,eder
gin,iturgin
gin,egin
gin,hagin
izen,izen
izen,gizen
izen,abizen
asio,gimnasio
asio,potasio
asio,abrasio
aita,aita
aita,paita
aita,baita
aso,itsaso
aso,baso
aso,burkina faso
aka,opaka
aka,kaka
aka,jaka
eltz,ilbeltz
eltz,beltz
eltz,zulo beltz
atan,agatan
atan,katan
atan,satan
biera,biera
biera,arabiera
biera,serbiera
din,nadin
din,din
din,bardin
dio,radio
dio,dio
dio,abundio
ater,krater
ater,plater
ater,skater
alda,salda
alda,esmeralda
alda,alda
ati,tati
ati,bati
ati,basati
atika,matematika
atika,gramatika
atika,aerostatika
ator,dator
ator,sator
ator,nator
ats,adats
ats,mahats
ats,lats
atua,katua
atua,estatua
atua,erresuma batua
ali,homosexuali
ali,portugali
ali,mali
alia,animalia
alia,australia
alia,italia
enda,azienda
enda,menda
enda,denda
alo,bufalo
alo,opalo
alo,talo
iki,biki
iki,friki
iki,txerriki
hen,zenbaki lehen
hen,astelehen
hen,lehen
alta,alta
alta,falta
alta,malta
grafia,demografia
grafia,geografia
grafia,pornografia
aut,laut
aut,arnaut
aut,haut
enia,eskizofrenia
enia,armenia
enia,eslovenia
auts,errauts
auts,hauts
auts,lore-hauts
andar,mandar
andar,azerbaijandar
andar,afganistandar
dun,edun
dun,euskaldun
dun,dun
andiera,finlandiera
andiera,tailandiera
andiera,islandiera
iku,bariku
iku,siku
iku,kaiku
azia,diplomazia
azia,kroazia
azia,abkhazia
bre,kobre
bre,jengibre
bre,sabre
ita bat,berrogeita bat
ita bat,hirurogeita bat
ita bat,hogeita bat
kume,txakurkume
kume,emakume
kume,txerrikume
rian,bulgarian
rian,austrian
rian,hungarian
lan,alkoholan
lan,angolan
lan,lan
landia,finlandia
landia,islandia
landia,thailandia
lar,ilar
lar,zilar
lar,dolar
lda,alda
lda,esmeralda
lda,salda
lehen,astelehen
lehen,lehen
lehen,zenbaki lehen
les,gales
les,ingeles
les,sofokles
lian,australian
lian,italian
lian,lilian
lio,ebanjelio
lio,helio
lio,berilio
lta,malta
lta,falta
lta,alta
ltz,zulo beltz
ltz,beltz
ltz,ilbeltz
lur,bilur
lur,lur
lur,elur
mendi,zemendi
mendi,sumendi
mendi,mendi
mina,anfetamina
mina,mina
mina,domina
nalismo,internazionalismo
nalismo,nazionalismo
nalismo,razionalismo
ndiera,finlandiera
ndiera,islandiera
ndiera,tailandiera
nera,alemanera
nera,azerbaijanera
nera,ukrainera
nian,nian
nian,estonian
nian,albanian
nio,aluminio
nio,eldarnio
nio,zirkonio
nologia,teknologia
nologia,kronologia
nologia,fonologia
nori,inori
nori,nori
nori,nanori
odo,diodo
odo,anodo
odo,elektrodo
ogo,biologo
ogo,gogo
ogo,teologo
ografia,pornografia
ografia,demografia
ografia,geografia
oli,alkoholi
oli,boli
oli,aboli
omia,astronomia
omia,anatomia
omia,arkeoastronomia
ebakide,aitaginarrebakide
ebakide,amaginarrebakide
antaila,abantaila
antaila,barantaila
ilar,zilar
ilar,ilar
itze,miarritze
itze,erabakitze
anto,esperanto
anto,tanto
badia,abadia
badia,badia
guna,laguna
guna,osteguna
bai,ibai
bai,bai
-txakur,etxe-txakur
-txakur,artzain-txakur
euk,neuk
euk,heuk
edia,entziklopedia
edia,suedia
eran,beran
eran,primeran
kara,kara
kara,euskara
ido,ido
ido,azido
bakide,aitaginarrebakide
bakide,amaginarrebakide
iek,ziek
iek,haiek
abako,tabako
abako,abako
bako,abako
bako,tabako
apal,usapal
apal,apal
abar,nabar
abar,labar
eekin,deekin
eekin,keekin
ixa,ixa
ixa,pixa
apo,apo
apo,kapo
abe,gabe
abe,habe
aben,aben
aben,alaben
egar,negar
egar,legar
aberri,aberri
aberri,udaberri
abes,abes
abes,trabes
abia,saudi arabia
abia,abia
kal,euskal
kal,bokal
arba,ainarba
arba,arba
kea,kea
kea,trakea
ilo,krokodilo
ilo,pilo
ehe,mehe
ehe,ehe
ada,fatxada
ada,kanada
dara,udara
dara,bordara
adar,adar
adar,radar
ezko,haritzezko
ezko,urrezko
arian,bulgarian
arian,hungarian
ariar,bulgariar
ariar,hungariar
adi,adi
adi,hadi
hor,behor
hor,hor
ariera,bulgariera
ariera,hungariera
arin,arin
arin,darin
batean,batean
batean,behin batean
baten,akrobaten
baten,baten
eien,seien
eien,deien
ark,hark
ark,quark
arka,danimarka
arka,marka
arma,arma
arma,armiarma
afiko,trafiko
afiko,pornografiko
afora,metafora
afora,anafora
eroan,eroan
eroan,heroan
ilu,ispilu
ilu,adreilu
eroi,heroi
eroi,antiheroi
lano,aeroplano
lano,ekranoplano
ibil,kiribil
ibil,zibil
ndu,abendu
ndu,mundu
negun,neskenegun
negun,herenegun
gariera,bulgariera
gariera,hungariera
earen,airearen
earen,balearen
eniera,armeniera
eniera,esloveniera
azte,emazte
azte,gazte
autika,astronautika
autika,aeronautika
amo,hipopotamo
amo,kilogramo
landa,irlanda
landa,landa
nismo,komunismo
nismo,abolizionismo
nista,komunista
nista,abolizionista
nka,hanka
nka,sri lanka
nko,jainko
nko,franko
anka,sri lanka
anka,hanka
nomia,arkeoastronomia
nomia,astronomia
non,non
non,inon
nora,nora
nora,leonora
lain,alain
lain,lain
nta,punta
nta,planta
ntaila,abantaila
ntaila,barantaila
lama,lama
lama,llama
nto,esperanto
nto,tanto
eniar,esloveniar
eniar,armeniar
ntza,hizkuntza
ntza,ama-hizkuntza
auta,aeronauta
auta,hauta
lie,collie
lie,balie
oen,hioen
oen,apoen
oga,droga
oga,froga
ogan,slogan
ogan,eslogan
gariar,hungariar
gariar,bulgariar
ogeno,nitrogeno
ogeno,hidrogeno
garian,hungarian
garian,bulgarian
azken,udazken
azken,asteazken
lik,balik
lik,alkoholik
oia,lehoia
oia,arratoia
oil,toil
oil,soil
garia,bulgaria
garia,hungaria
oitz,egubakoitz
oitz,ebiakoitz
grama,anagrama
grama,pentagrama
boli,boli
boli,aboli
auri,gauri
auri,lauri
aun,belaun
aun,amaraun
olan,alkoholan
olan,angolan
olde,molde
olde,olde
olen,alkoholen
olen,polen
lin,biolin
lin,malin
olo,apolo
olo,olo
enegun,herenegun
enegun,neskenegun
ologo,biologo
ologo,teologo
olu,dolu
olu,bolu
omen,omen
omen,abdomen
ling,curling
ling,travelling
latu,bilatu
latu,teklatu
ikoa,jaungoikoa
ikoa,artsenikoa
este,beste
este,abeste
one,cicerone
one,done
etik,detik
etik,betik
auka,mauka
auka,nauka
oniar,estoniar
oniar,japoniar
auk,gauk
auk,lauk
lista,nazionalista
lista,kapitalista
onomia,arkeoastronomia
onomia,astronomia
onu,abonu
onu,tronu
lit,polit
lit,balit
ope,antilope
ope,ope
oplano,aeroplano
oplano,ekranoplano
opo,topo
opo,misantropo
aude,gaude
aude,daude
kien,hakien
kien,henkien
oren,oren
oren,aporen
katu,etxe-katu
katu,katu
azil,hazil
azil,lotazil
orma,forma
orma,horma
lly,chantilly
lly,rally
orri,katagorri
orri,etorri
orril,agorril
orril,orril
orro,zomorro
orro,zorro
ortu,portu
ortu,abortu
alista,nazionalista
alista,kapitalista
osa,erosa
osa,arrosa
ire,aire
ire,hire
oso,oso
oso,eskinoso
aliera,somaliera
aliera,italiera
iken,liken
iken,diken
otan,lotan
otan,pagotan
ote,ote
ote,dirote
ots,hots
ots,kokots
alian,italian
alian,australian
otza,izotza
otza,motza
otzil,izotzil
otzil,gorotzil
ozo,gozo
ozo,zozo
pal,apal
pal,usapal
enara,enara
enara,gauenara
pata,ezpata
pata,zapata
peko,peko
peko,kokozpeko
per,eper
per,paper
pera,opera
pera,pera
pez,apez
pez,pez
plano,ekranoplano
plano,aeroplano
pus,corpus
pus,campus
loa,loa
loa,taloa
rafiko,trafiko
rafiko,pornografiko
rai,errai
rai,garai
logan,eslogan
logan,slogan
kide,amaginarrebakide
kide,aitaginarrebakide
rak,urak
rak,irak
rama,anagrama
rama,pentagrama
istan,kirgizistan
istan,afganistan
raren,leraren
raren,zurraren
rata,demokrata
rata,estrata
ratu,aukeratu
ratu,oratu
alean,kalean
alean,abalean
india,india
india,euskaltzaindia
tek,tek
tek,etek
rbi,garbi
rbi,erbi
rda,borda
rda,yarda
bio,abio
bio,aerobio
rdi,ipurdi
rdi,ardi
hauts,lore-hauts
hauts,hauts
emen,kemen
emen,hemen
rean,urean
rean,airean
reba,aitaginarreba
reba,amaginarreba
alde,talde
alde,artalde
eme,eme
eme,seme
rgia,georgia
rgia,alergia
bik,bik
bik,aerobik
kate,skate
kate,kate
ani,kazakhstani
ani,azerbaijani
logo,biologo
logo,teologo
atean,behin batean
atean,batean
rika,birika
rika,hego afrika
riki,friki
riki,txerriki
akoitz,egubakoitz
akoitz,ebiakoitz
bien,bien
bien,rabbien
rio,monasterio
rio,dromedario
rismo,militarismo
rismo,terrorismo
ritz,eneritz
ritz,haritz
lok,lok
lok,krokodilok
rke,merke
rke,parke
rki,urki
rki,lizarki
hatz,behatz
hatz,hatz
rla,irla
rla,perla
bide,adibide
bide,bide
akide,amaginarrebakide
akide,aitaginarrebakide
rne,erne
rne,barne
roan,eroan
roan,heroan
roga,droga
roga,froga
kuntza,ama-hizkuntza
kuntza,hizkuntza
rogeno,hidrogeno
rogeno,nitrogeno
eman,eman
eman,aleman
ron,liron
ron,euron
ronomia,arkeoastronomia
ronomia,astronomia
ros,kros
ros,eros
rosa,erosa
rosa,arrosa
asuna,asuna
asuna,euskadi ta askatasuna
landiar,islandiar
landiar,finlandiar
ltzaile,suhiltzaile
ltzaile,itzultzaile
ket,kriket
ket,cricket
rreba,aitaginarreba
rreba,amaginarreba
ldar,beldar
ldar,portugaldar
erun,kamerun
erun,berun
elu,angelu
elu,gamelu
beste,beste
beste,abeste
rrusia,errusia
rrusia,bielorrusia
rrusiar,bielorrusiar
rrusiar,errusiar
aste,haste
aste,aste
rtu,abortu
rtu,portu
rtza,hondartza
rtza,koartza
kan,okan
kan,kan
gua,antigua
gua,sagua
rusia,errusia
rusia,bielorrusia
rusiar,bielorrusiar
rusiar,errusiar
rusiera,bielorrusiera
rusiera,errusiera
saba,osaba
saba,asaba
sai,nasai
sai,sai
sail,otsail
sail,sail
san,esan
san,san
sare,armiarma-sare
sare,sare
sate,esate
sate,basate
izia,polizia
izia,letizia
sen,sen
sen,nasen
ihar,ihar
ihar,bihar
bes,abes
bes,trabes
siar,errusiar
siar,bielorrusiar
gro,montenegro
gro,ogro
aziar,kroaziar
aziar,abkhaziar
entu,komentu
entu,dokumentu
anera,alemanera
anera,azerbaijanera
eten,poeten
eten,eten
skari,askari
skari,eskari
sker,musker
sker,esker
ski,aski
ski,naski
mana,germana
mana,alemana
slogan,eslogan
slogan,slogan
aiz,maiz
aiz,apaiz
diar,islandiar
diar,finlandiar
isika,fisika
isika,astrofisika
aski,naski
aski,aski
mania,errumania
mania,alemania
sto,hosto
sto,asto
stola,ikastola
stola,pistola
stria,austria
stria,transnistria
suge,herensuge
suge,suge
suma,suma
suma,erresuma
elio,helio
elio,ebanjelio
suna,euskadi ta askatasuna
suna,asuna
maniar,alemaniar
maniar,errumaniar
andiar,finlandiar
andiar,islandiar
marka,danimarka
marka,marka
iburu,hiriburu
iburu,liburu
matika,gramatika
matika,matematika
azan,hazan
azan,nazan
tail,uztail
tail,lastail
taila,abantaila
taila,barantaila
talde,talde
talde,artalde
asi,hasi
asi,oasi
mea,semea
mea,mea
tara,ketara
tara,hartara
tari,postari
tari,atari
taro,urtaro
taro,hostaro
fora,metafora
fora,anafora
jan,azerbaijan
jan,jan
tea,asteartea
tea,tea
dur,sudur
dur,adur
igo,abrigo
igo,igo
teko,nazioarteko
teko,teko
tel,batel
tel,motel
elera,ingelera
elera,gaztelera
ase,fase
ase,pase
gor,agor
gor,gor
ktu,intsektu
ktu,abstraktu
tez,tez
tez,batez
deren,alderen
deren,deren
gil,gil
gil,bagil
mentu,komentu
mentu,dokumentu
tina,argentina
tina,palestina
tismo,absolutismo
tismo,autismo
tista,absolutista
tista,artista
tola,ikastola
tola,pistola
aza,aza
aza,plaza
tona,tona
tona,aitona
tonia,estonia
tonia,letonia
toniera,estoniera
toniera,letoniera
dera,dera
dera,bandera
toria,historia
toria,traiektoria
tosfera,litosfera
tosfera,fotosfera
meta,meta
meta,kometa
tria,austria
tria,transnistria
tro,aerometro
tro,feltro
aile,itzultzaile
aile,suhiltzaile
dente,independente
dente,presidente
asa,nasa
asa,basa
tuta,nekatuta
tuta,prostituta
txa,dutxa
txa,urtxintxa
iri,biri
iri,hiri
fisika,fisika
fisika,astrofisika
mika,ekonomika
mika,aerodinamika
artza,hondartza
artza,koartza
tzaile,suhiltzaile
tzaile,itzultzaile
tzale,abertzale
tzale,arrantzale
tze,erabakitze
tze,miarritze
aia,plaia
aia,papaia
tzil,izotzil
tzil,gorotzil
den,borden
den,dauden
ubi,zubi
ubi,marrubi
mila,mila
mila,asimila
ldo,saldo
ldo,leopoldo
mita,imita
mita,ermita
uge,herensuge
uge,suge
uil,buruil
uil,neguil
moko,amiamoko
moko,moko
more,more
more,amore
uki,luki
uki,eduki
uko,lauko
uko,kuko
lean,abalean
lean,kalean
gika,logika
gika,belgika
fiko,pornografiko
fiko,trafiko
giera,georgiera
giera,norvegiera
undi,abundi
undi,burundi
une,abagune
une,huskune
unen,asunen
unen,leunen
nar,senar
nar,palestinar
untza,ama-hizkuntza
untza,hizkuntza
koitz,egubakoitz
koitz,ebiakoitz
nara,gauenara
nara,enara
nari,janari
nari,lagunari
uren,uren
uren,kuren
ahar,lahar
ahar,zahar
urin,gurin
urin,urin
urogei,laurogei
urogei,hirurogei
narkia,monarkia
narkia,anarkia
urre,urre
urre,besaurre
kon,sakon
kon,marokon
art,bernart
art,bart
narreba,aitaginarreba
narreba,amaginarreba
usia,bielorrusia
usia,errusia
usiar,bielorrusiar
usiar,errusiar
usiera,bielorrusiera
usiera,errusiera
uso,pauso
uso,uso
ekin,deekin
ekin,keekin
utika,aeronautika
utika,astronautika
utismo,absolutismo
utismo,autismo
begi,abegi
begi,begi
nautika,aeronautika
nautika,astronautika
via,moldavia
via,jugoslavia
vian,jugoslavian
vian,moldavian
anda,irlanda
anda,landa
yte,mayte
yte,byte
zaile,suhiltzaile
zaile,itzultzaile
avian,jugoslavian
avian,moldavian
nde,igande
nde,mende
itik,bitik
itik,politik
arro,txarro
arro,olagarro
hotz,bihotz
hotz,hotz
zeko,zeko
zeko,izeko
agrama,pentagrama
agrama,anagrama
zer,ezer
zer,zer
zera,zera
zera,abkhazera
zeri,zeri
zeri,azeri
arril,garagarril
arril,urtarril
avia,moldavia
avia,jugoslavia
heroi,antiheroi
heroi,heroi
arren,barren
arren,beharren
zio,prepuzio
zio,tradizio
zken,udazken
zken,asteazken
zki,harizki
zki,eguzki
zko,haritzezko
zko,urrezko
zkuntza,ama-hizkuntza
zkuntza,hizkuntza
arreba,amaginarreba
arreba,aitaginarreba
arre,arre
arre,barre
zte,gazte
zte,emazte
ztu,abuztu
ztu,ahaztu
ndiar,finlandiar
ndiar,islandiar
artan,hartan
artara,hartara
artea,asteartea
arteko,nazioarteko
arter,charter
artera,artera
arti,marti
artista,artista
arto,arto
artxo,martxo
artz,hartz
artzain,artzain
arunbat,larunbat
arxista,marxista
asaba,asaba
asai,nasai
asalto,basalto
asar,quasar
asara,basara
asaran,basaran
asate,basate
asati,basati
asen,nasen
aser,laser
aserri,baserri
ash,squash
asil,brasil
asimila,asimila
asioa,potasioa
askari,askari
aske,aske
asko,eskerrik asko
asle,irakasle
asma,marasma
asmo,orgasmo
ass,bypass
asta,lakasta
astail,lastail
astasun,aberastasun
asten,hasten
aster,laster
asterio,monasterio
astetxe,ikastetxe
astiko,plastiko
asting,casting
asto,asto
astola,ikastola
asturba,masturba
asunen,asunen
asurde,basurde
asusta,masusta
atak,batak
atami,tatami
atar,andorratar
atari,atari
atasuna,euskadi ta askatasuna
atata,patata
ategi,usategi
ategia,estrategia
ateismo,ateismo
atel,batel
atena,atena
atera,batera
atering,catering
aterra,ingalaterra
atetxe,jatetxe
atez,batez
atiko,enigmatiko
ato,aerostato
atoi,arratoi
atoia,arratoia
atoliko,katoliko
atomia,anatomia
atomo,atomo
atopeia,onomatopeia
atsu,satsu
atun,atun
atura,estatura
atuta,nekatuta
atxada,fatxada
atxar,txatxar
atxo,garatxo
atxuri,baratxuri
atza,abesbatza
atzo,atzo
auan,lauan
auden,dauden
auen,hauen
auenara,gauenara
aukat,haukat
aukera,aukera
auko,lauko
aula,taula
aur,gaur
aura,laura
aurogei,laurogei
aurre,besaurre
ausi,elur-jausi
auso,pauso
austria,austria
autan,lautan
aute,haute
autismo,autismo
auto,auto
autobus,autobus
autokar,autokar
autza,arrautza
auza,gauza
ava,cava
axi,taxi
axia,ataraxia
axu,baxu
ayte,mayte
azal,azal
azale,abenturazale
azari,nekazari
azaro,azaro
azaten,nazaten
azera,abkhazera
azeri,azeri
azido,azido
azienda,azienda
aziera,kroaziera
azional,internazional
azkena,asteazkena
azkin,hegazkin
azten,eguazten
aztu,ahaztu
aztun,ugaztun
aztuna,ugaztuna
azukre,azukre
azur,azur
aña,piraña
baba,baba
babil,babil
bade,abade
badea,abadea
badegai,abadegai
badesa,abadesa
badez,abadez
bagil,bagil
bagune,abagune
bahu,bahu
baijan,azerbaijan
baijani,azerbaijani
baita,baita
bak,abak
bakar,bakar
bake,bake
bakeren,bakeren
bakeri,bakeri
bakitze,erabakitze
bakoitz,egubakoitz
bal,abal
bala,abala
bale,bale
balea,balea
balean,abalean
baleen,baleen
balie,balie
balik,balik
balit,balit
baloi,baloi
bana,bana
bandera,bandera
bania,albania
banian,albanian
baniar,albaniar
baniera,albaniera
banku,banku
bano,libano
banu,banu
bao,abao
barbuda,barbuda
bardin,bardin
bare,bare
baren,alabaren
bari,nebari
barik,barik
bariku,bariku
barna,barna
barne,barne
barnen,barnen
barra,gabarra
barre,barre
barren,barren
barrena,barrena
barri,barri
bart,bart
basa,basa
basalto,basalto
basara,basara
basaran,basaran
basate,basate
basati,basati
baserri,baserri
baso,baso
basurde,basurde
batak,batak
batel,batel
batera,batera
batez,batez
bati,bati
batu,batu
batua,erresuma batua
batza,abesbatza
baxu,baxu
bbi,rabbi
bbia,rabbia
bbien,rabbien
bdomen,abdomen
bea,bea
beak,beak
bean,bean
beari,beari
beek,beek
been,been
beetan,beetan
bego,bego
behar,behar
behatz,behatz
behi,behi
behin,bazen behin
behor,behor
bei,abei
beira,beira
bek,bek
beko,beko
bel,sabel
bela,arbela
belarri,belarri
belaun,belaun
beldar,beldar
bele,bele
belgika,belgika
bema,bema
bendu,abendu
bentura,abentura
bera,bera
beran,beran
berde,berde
bere,bere
berek,berek
beren,beren
beri,beri
beria,liberia
berilio,berilio
berin,berin
berit,berit
berna,taberna
bernart,bernart
bero,bero
berriro,berriro
bert,camembert
berun,berun
besape,besape
beslari,abeslari
beso,beso
besok,besok
besti,abesti
bestu,abestu
betan,betan
bete,bete
beti,beti
betik,betik
betor,betor
bez,bez
bezate,bezate
bian,bian
bidez,adibidez
biga,biga
bihar,bihar
bihotz,bihotz
bike,bike
biki,biki
biko,biko
bila,bila
bilatu,bilatu
bilbo,bilbo
bildil,bildil
bilur,bilur
bin,sabin
biolin,biolin
biologo,biologo
bira,bira
biri,biri
birika,birika
bisal,abisal
bisita,bisita
bista,bista
bisuts,bisuts
bitan,bitan
bitik,bitik
bitu,abitu
bitua,abitua
biz,biz
bizar,bizar
bizen,abizen
bkhazia,abkhazia
ble,sable
bloke,bloke
body,body
boi,xaboi
bokal,bokal
bol,futbol
bola,arbola
bolante,bolante
bolu,bolu
bondo,abondo
bono,karbono
bonu,abonu
bor,danbor
borda,borda
bordan,bordan
bordara,bordara
borden,borden
bordez,bordez
borigen,aborigen
boro,boro
bortu,abortu
bosta,bosta
bostan,bostan
bosti,bosti
bot,robot
bota,bota
botika,robotika
boto,boto
boy,cowboy
boz,boz
bra,zebra
brasil,brasil
brasio,abrasio
breto,libreto
bridge,bridge
brigo,abrigo
brusa,brusa
bsente,absente
bside,abside
bsurdo,absurdo
buda,barbuda
budan,barbudan
bueno,bueno
bufalo,bufalo
bukaera,astebukaera
bundi,abundi
bundio,abundio
bur,labur
burezur,burezur
buruil,buruil
buruk,buruk
burundi,burundi
bus,autobus
busti,busti
buztu,abuztu
bypass,bypass
byte,byte
camping,camping
campus,campus
cancer,cancer
casting,casting
cava,cava
cello,cello
cer,cancer
cerone,cicerone
charter,charter
chef,chef
cket,cricket
clown,clown
collage,collage
collie,collie
cornus,capricornus
corpus,corpus
coulomb,coulomb
country,country
cowboy,cowboy
cquerel,becquerel
cricket,cricket
cross,cross
culum,curriculum
cumbia,cumbia
curling,curling
curry,curry
daba,indaba
daberri,udaberri
dagio,adagio
dago,dago
dagonil,dagonil
dakari,lehendakari
dakik,dakik
dal,udal
damu,damu
danbor,danbor
dania,jordania
daniar,daniar
daniera,daniera
dano,giordano
dare,landare
daren,bordaren
daria,bordaria
darien,bordarien
darin,darin
darina,mandarina
dario,dromedario
darnio,eldarnio
daro,adaro
darrain,darrain
dartza,hondartza
date,mendate
dator,dator
dats,adats
datu,datu
datzi,idatzi
daude,daude
dauden,dauden
davia,moldavia
davian,moldavian
dazken,udazken
dean,dean
deek,deek
deekin,deekin
deen,deen
degai,abadegai
degi,adegi
degit,degit
dei,dei
deia,deia
deien,deien
deira,deira
deitura,deitura
dek,dek
deko,deko
del,fardel
dela,kandela
demia,pandemia
demian,pandemian
denda,denda
dendari,dendari
denina,adenina
deoi,akordeoi
dere,andere
dereño,andereño
deri,deri
des-,des-
desa,abadesa
desh,bangladesh
desira,desira
detik,detik
dge,bridge
dian,radian
diat,diat
diate,diate
dibide,adibide
dibidez,adibidez
didan,didan
die,die
dien,dien
diet,diet
diete,diete
diez,mendiez
dik,dik
diken,diken
dil,bildil
dilo,krokodilo
dilok,krokodilok
dinat,dinat
ding,holding
diodo,diodo
dion,dion
diot,diot
dira,dira
diro,diro
dirote,dirote
diru,diru
disko,disko
dit,dit
ditan,menditan
ditu,aditu
ditz,aditz
dizio,tradizio
doa,doa
doan,doan
doi,doi
dol,odol
dolar,dolar
dolba,adolba
dolu,dolu
domeka,domeka
domen,abdomen
domina,domina
don,radon
done,done
donesia,indonesia
doniera,mazedoniera
dora,pandora
dore,adore
dori,ardori
dorra,andorra
dorran,andorran
dortoka,dortoka
dos,ados
dotore,dotore
doza,mendoza
dre,andre
dreilu,adreilu
dres,londres
droga,droga
drogeno,hidrogeno
dromo,aerodromo
duela,duela
duk,duk
duke,duke
duken,duken
duki,eduki
dunak,euskaldunak
dut,dut
dutxa,dutxa
duz,zer moduz
duzu,ingelesez hitz egiten al duzu
e zuria,etxe zuria
e-hauts,lore-hauts
e-katu,etxe-katu
eaga,orreaga
eari,beari
earte,astearte
eartea,asteartea
eazken,asteazken
eazkena,asteazkena
ebari,nebari
eben,neben
ebra,zebra
eburu,asteburu
ech,cromlech
edan,edan
edari,edari
edario,dromedario
ede,fede
eder,eder
edez,mesedez
ediera,suediera
edo,edo
eduki,eduki
edun,edun
eei,semeei
eetan,beetan
eez,geez
efante,elefante
efe,efe
efono,telefono
eft,copyleft
egai,abadegai
egazkin,hegazkin
egen,legen
egiera,norvegiera
egin,egin
egipto,egipto
egit,degit
ego,bego
egon,egon
egro,montenegro
egu,negu
eguei,neguei
eguen,eguen
eguil,neguil
eguna,osteguna
eguzki,eguzki
ehar,behar
eharren,beharren
ehatz,behatz
ehena,astelehena
ehi,behi
ehin,bazen behin
eho,eho
ehoi,lehoi
ehoia,lehoia
ehor,behor
ehun,ehun
eiar,leiar
eiaro,ereiaro
eil,zezeil
eilu,adreilu
einu,erreinu
eismo,ateismo
eitabi,hogeitabi
eitan,seitan
eitura,deitura
eka,domeka
ekain,ekain
ekarna,ekarna
ekatuta,nekatuta
ekazari,nekazari
ekiera,txekiera
eklatu,teklatu
ektoria,traiektoria
ektrodo,elektrodo
ektu,intsektu
eku,leku
elania,gaztelania
elari,atzelari
elarri,belarri
elaun,belaun
eldar,beldar
elder,elder
ele-,tele-
elefono,telefono
elehen,astelehen
elehena,astelehena
eles,ingeles
elesa,ingelesa
elesez,badakizu ingelesez
elgika,belgika
elgikar,belgikar
elitate,fidelitate
elize,helize
elling,travelling
ello,cello
eltro,feltro
elur,elur
ema,bema
emaforo,semaforo
emak,emak
emakume,emakume
emana,alemana
emanera,alemanera
emania,alemania
emaniar,alemaniar
ematika,matematika
emazte,emazte
embert,camembert
emea,semea
emeei,semeei
emendi,zemendi
emere,setemere
emez,semez
emia,pandemia
emian,pandemian
enar,senar
enatu,senatu
endari,dendari
endate,mendate
ende,mende
endente,independente
endia,mendia
endiez,mendiez
enditan,menditan
endoza,mendoza
endu,abendu
ene,ene
enea,enea
enegro,montenegro
enek,enek
eneko,eneko
eneren,eneren
eneritz,eneritz
enez,enez
engibre,jengibre
enigma,enigma
eniko,artseniko
enikoa,artsenikoa
enina,adenina
enis,tenis
enkari,zezenkari
enkien,henkien
enstein,liechtenstein
ensuge,herensuge
enti,ralenti
entina,argentina
entura,abentura
eoi,akordeoi
eologo,teologo
eon,neon
eoni,leoni
eonora,leonora
eopoldo,leopoldo
eorgia,georgia
eorgiar,georgiar
epail,epail
epara,separa
epe,epe
eper,eper
epo,lepo
epuzio,prepuzio
equiem,requiem
eraketa,aukeraketa
eralda,esmeralda
eranto,esperanto
erard,gerard
erardo,gerardo
eraren,leraren
erarkia,hierarkia
eratu,aukeratu
erbi,erbi
erbia,serbia
erbiera,serbiera
erde,berde
erei,lerei
ereiaro,ereiaro
erek,berek
erel,becquerel
ereta,opereta
ereño,andereño
ergia,alergia
erietxe,erietxe
erikano,amerikano
erilio,berilio
erin,berin
ering,catering
erio,monasterio
eriod`,unsupported titles/`period`
erit,berit
eritz,eneritz
erk,zerk
erke,merke
erla,perla
erle,erle
erman,german
ermana,germana
ermita,ermita
erna,taberna
ernart,bernart
erne,erne
erobik,aerobik
erobio,aerobio
eroide,asteroide
erolito,aerolito
erone,cicerone
eros,eros
erosa,erosa
erosi,erosi
erosion,erosion
erosol,aerosol
errai,errai
erran,erran
errauts,errauts
erre,erre
erreinu,erreinu
errera,errera
errez,errez
erria,txerria
erriki,txerriki
erriro,berriro
erritar,baserritar
erro,erro
errogei,berrogei
errusia,errusia
ert,camembert
ertrude,gertrude
ertsona,pertsona
ertzale,abertzale
eru,zeru
eruni,kameruni
es-,des-
esan,esan
esape,besape
esate,esate
esaurre,besaurre
esbatza,abesbatza
ese,ese
esedez,mesedez
esera,galesera
esez,badakizu ingelesez
esh,bangladesh
esia,indonesia
esiera,indonesiera
esira,desira
eska,neska
eskari,eskari
esker,esker
esko,fresko
eskola,eskola
eskozia,eskozia
esku,esku
eslari,abeslari
eslogan,eslogan
esne,esne
eso,beso
esok,besok
esta,festa
estatua,estatua
esti,abesti
estina,palestina
estinar,palestinar
eston,charleston
estonia,estonia
estrata,estrata
estu,abestu
esuma,erresuma
etafora,metafora
etamina,anfetamina
etara,ketara
etasun,abertzaletasun
etek,etek
etemere,setemere
etete,etete
eti,beti
etizia,letizia
etnam,vietnam
eto,libreto
etoiera,bretoiera
etonia,letonia
etor,betor
etorri,etorri
etra,letra
etri,petri
etro,aerometro
ets,amets
etse,etse
euli,euli
eun,leun
eunen,leunen
euni,leuni
euri,euri
euroi,euroi
euron,euron
euskal,euskal
euskara,euskara
euskera,euskera
exiko,mexiko
exu,sexu
exual,homosexual
exuali,homosexuali
eza,meza
ezan,ezan
ezate,bezate
ezeil,zezeil
ezen,zezen
ezer,ezer
ezia,grezia
ezien,gezien
ezker,ezker
ezpain,ezpain
ezpata,ezpata
ezur,burezur
eñe,eñe
eño,andereño
falo,bufalo
falta,falta
familia,familia
fan,fan
fante,elefante
far,nafar
fardel,fardel
farra,farra
fase,fase
faso,burkina faso
fatxada,fatxada
fede,fede
feltro,feltro
feria,feria
festa,festa
fien,filosofien
filtra,infiltra
fin,fin
fluor,fluor
fobia,xenofobia
fokles,sofokles
fono,telefono
forma,forma
formo,kloroformo
foro,semaforo
fosil,fosil
franko,franko
fre,sufre
frea,sufrea
frenia,eskizofrenia
fresko,fresko
frika,hego afrika
friki,friki
froga,froga
frustra,frustra
fruta,fruta
futbol,futbol
gabarra,gabarra
gabe,gabe
gain,gain
gaizto,amesgaizto
gal,portugal
galdar,portugaldar
gale,gale
galera,portugalera
gales,gales
galga,galga
gali,portugali
gamelu,gamelu
gande,igande
gandea,igandea
ganiza,organiza
gante,igante
gapur,singapur
gara,gara
garai,garai
garatxo,garatxo
garbi,garbi
gari,gari
garil,garil
garkia,oligarkia
garri,garri
garril,garagarril
garro,olagarro
gas,gas
gasmo,orgasmo
gat,nogat
gata,agata
gatan,agatan
gate,agate
gaten,agaten
gatz,gatz
gau,gau
gaude,gaude
gauk,gauk
gaur,gaur
gauri,gauri
gauza,gauza
gaz,igaz
gazkin,hegazkin
gazte,gazte
gaztun,ugaztun
gaztuna,ugaztuna
gea,gea
gean,gean
geek,geek
geen,geen
geez,geez
geitabi,hogeitabi
gek,gek
geko,geko
gel,igel
gela,gela
gelera,ingelera
geles,ingeles
gelesa,ingelesa
gelesez,badakizu ingelesez
gelu,angelu
gentina,argentina
georgia,georgia
gera,gera
gerard,gerard
gerardo,gerardo
geri,geri
german,german
germana,germana
gero,gero
gerra,gerra
ges,portuges
getan,getan
geure,geure
gezien,gezien
ghana,ghana
ghanan,ghanan
ght,copyright
giar,georgiar
gibre,jengibre
gida,gida
gikar,belgikar
ginen,ginen
gio,adagio
gipto,egipto
giro,giro
gisa,gisa
gisela,gisela
gismo,neologismo
git,degit
gita,igita
gitu,mugitu
gizen,gizen
gizon,gizon
gladesh,bangladesh
glu,iglu
gma,enigma
gmatiko,enigmatiko
gneo,igneo
gogo,gogo
goi,goi
goikoa,jaungoikoa
gol,gol
gola,angola
golan,angolan
golia,mongolia
goliera,mongoliera
gona,gona
gonil,dagonil
gora,gora
gorka,gorka
gorri,katagorri
gorril,agorril
gosaldu,gosaldu
gotan,pagotan
gozo,gozo
grafiko,pornografiko
gramo,kilogramo
gre,tigre
grea,tigrea
greko,greko
grezia,grezia
gris,gris
guan,antiguan
guar,jaguar
guazten,eguazten
guberri,eguberri
guda,guda
guei,neguei
guen,eguen
guil,neguil
guino,pinguino
gula,angula
gunari,lagunari
gune,abagune
guni,laguni
gur,agur
guri,guri
gurin,gurin
gurri,txingurri
guru,kanguru
guzar,saguzar
guzki,eguzki
habe,habe
hadi,hadi
haga,haga
hagin,hagin
hago,hago
hai,mahai
haiek,haiek
haien,haien
haitz,zuhaitz
hakar,hakar
hakien,hakien
hala,hala
han,han
hana,ghana
hanan,ghanan
handia,britainia handia
hanka,hanka
harakin,harakin
haran,haran
haren,haren
hari,hari
haritz,haritz
harizki,harizki
hark,hark
harren,beharren
harri,harri
hartan,hartan
hartara,hartara
harte,uharte
harter,charter
hartz,hartz
has,has
hasi,hasi
haste,haste
hasten,hasten
hate,ahate
hats,mahats
hau,hau
hauen,hauen
haukat,haukat
haut,haut
hauta,hauta
haute,haute
hazan,hazan
hazera,abkhazera
hazia,abkhazia
haziar,abkhaziar
hazil,hazil
haztu,ahaztu
hef,chef
helio,helio
helize,helize
hemen,hemen
hena,astelehena
henkien,henkien
her,uher
heren,heren
heroan,heroan
herra,herra
herri,herri
heu,heu
heuk,heuk
heure,heure
hez,hez
hien,hien
hiena,hiena
hik,hik
hika,hika
hil,hil
hin,bazen behin
hioen,hioen
hioke,hioke
hion,hion
hire,hire
hiri,hiri
hiro,hiro
hiruz,hiruz
hitan,hitan
hiztegi,hiztegi
hogei,hogei
hoi,lehoi
hoia,lehoia
hol,alkohol
hola,alkohola
holan,alkoholan
holding,holding
holen,alkoholen
holi,alkoholi
holik,alkoholik
hora,ahora
hori,hori
horma,horma
hostaro,hostaro
hosto,hosto
hots,hots
hstan,kazakhstan
hstani,kazakhstani
hua,chihuahua
huahua,chihuahua
huen,huen
huete,kakahuete
hun,ehun
huntz,ahuntz
hur,hur
hura,hura
hurra,hurra
hurri,hurri
huskune,huskune
huts,huts
hutsik,hutsik
i lanka,sri lanka
i lehen,zenbaki lehen
iak,austriak
iakoitz,ebiakoitz
ial,sozial
ializa,industrializa
iamoko,amiamoko
iarma,armiarma
iaro,ereiaro
iat,diat
iate,diate
iatz,maiatz
iaz,iaz
ibai,ibai
ibano,libano
ibar,ibar
iberia,liberia
ibi,ibi
ibia,tibia
ibide,adibide
ibidez,adibidez
ibre,jengibre
ibreto,libreto
icerone,cicerone
icket,cricket
icornus,capricornus
iculum,curriculum
ida,gida
idan,didan
idatzi,idatzi
idente,presidente
idez,adibidez
idge,bridge
idi,idi
idia,lidia
iem,requiem
iena,hiena
ienda,azienda
iet,diet
ieta,urrieta
iete,diete
ietnam,vietnam
ietxe,erietxe
iez,mendiez
iga,biga
igan,igan
igande,igande
igandea,igandea
igante,igante
igarkia,oligarkia
igaz,igaz
igel,igel
igen,aborigen
igeno,oxigeno
ight,copyright
igita,igita
iglu,iglu
igma,enigma
igneo,igneo
igre,tigre
igrea,tigrea
igua,antigua
iguan,antiguan
iheroi,antiheroi
ihi,mihi
ihotz,bihotz
ihuahua,chihuahua
ijan,azerbaijan
ijandar,azerbaijandar
ijanera,azerbaijanera
ijani,azerbaijani
ik asko,eskerrik asko
ikano,amerikano
ikar,belgikar
ikari,politikari
ike,bike
ikel,mikel
iker,iker
ikera,korsikera
ikeria,azerikeria
iket,kriket
ikoi,marikoi
ikoina,zikoina
ikoria,txikoria
ikume,txerrikume
ikusi,ikusi
ilandia,thailandia
ilao,bakailao
ilari,argazkilari
ilarra,zilarra
ilatu,bilatu
ilbeltz,ilbeltz
ilbo,bilbo
ildil,bildil
ilen,ilen
ili,lili
ilia,familia
ilian,lilian
iliera,siziliera
ilio,berilio
ilitate,probabilitate
illy,chantilly
ilo-,kilo-
ilok,krokodilok
ilope,antilope
ilosofo,filosofo
ilota,pilota
iltra,infiltra
ilur,bilur
ima,lima
imalia,animalia
iman,iman
imar,aimar
imarka,danimarka
ime,anime
imeran,primeran
imila,asimila
imino,tximino
imita,imita
imnasio,gimnasio
inamika,aerodinamika
inar,palestinar
inarba,ainarba
inat,dinat
inda,tinda
indaba,indaba
indar,indar
inen,ginen
inera,ukrainera
ingapur,singapur
ingeles,ingeles
inguino,pinguino
ingurri,txingurri
inhoa,ainhoa
inia,espainia
iniar,espainiar
inio,aluminio
inioa,aluminioa
initate,trinitate
inko,jainko
inon,inon
inori,inori
inoso,eskinoso
intxa,urtxintxa
intxo,pintxo
inurri,inurri
inutu,minutu
iod`,unsupported titles/`period`
iodo,diodo
ioen,hioen
ioke,hioke
iolin,biolin
iologia,biologia
iologo,biologo
ional,internazional
ionel,lionel
ionesa,maionesa
ionismo,abolizionismo
ionista,abolizionista
iorba,tiorba
iordano,giordano
iot,diot
ipar,ipar
ipiroi,txipiroi
ipotx,ipotx
ipre,zipre
ipto,egipto
ipurdi,ipurdi
irafa,jirafa
irail,irail
irak,irak
iral,ostiral
irala,ostirala
irale,ortzirale
iran,iran
iraña,piraña
irea,airea
irean,airean
irearen,airearen
ireen,aireen
iren,miren
iria,siria
iribil,kiribil
iriburu,hiriburu
irika,birika
iril,apiril
irin,irin
iritu,espiritu
iritzi,iritzi
irkonio,zirkonio
irla,irla
irlanda,irlanda
irmen,kirmen
iroi,txipiroi
irolisi,pirolisi
iron,liron
irote,dirote
irri,irri
irula,txirula
iruz,hiruz
iruña,iruña
isa,gisa
isal,abisal
ise,aise
isela,gisela
isi,pirolisi
isia,tunisia
isian,tunisian
isil,misil
isita,bisita
isko,disko
isla,isla
ispilu,ispilu
issant,croissant
istola,pistola
istoria,historia
istria,transnistria
isu,pisu
isuts,bisuts
itabi,hogeitabi
itale,ospitale
italia,italia
italian,italian
italiar,italiar
itar,baserritar
itariza,militariza
itasun,eritasun
ite,maite
itegi,inurritegi
itera,litera
iti,politi
itikari,politikari
itiko,politiko
itin,mitin
itio,litio
itona,aitona
itonen,aitonen
itor,aitor
its,sits
itsaso,itsaso
itsusi,itsusi
itua,abitua
ituania,lituania
itura,deitura
iturgin,iturgin
ituta,prostituta
itza,suitza
itzen,martitzen
itzezko,haritzezko
itzi,iritzi
ixen,ixen
ixez,ixez
ixo,kaixo
izain,izain
izan,izan
izare,zizare
izarki,lizarki
ize,helize
izeba,izeba
izeko,izeko
izgai,apaizgai
izio,tradizio
izistan,kirgizistan
izki,harizki
izkora,aizkora
izon,gizon
izotz,izotz
izotza,izotza
izotzil,izotzil
iztegi,hiztegi
izto,amesgaizto
iztor,liztor
izu,aizu
izurde,izurde
izurdea,izurdea
jagon,jagon
jaguar,jaguar
jai,jai
jainko,jainko
jaka,jaka
jamaika,jamaika
janari,janari
jandar,azerbaijandar
janera,azerbaijanera
jani,azerbaijani
japonia,japonia
jatetxe,jatetxe
jausi,elur-jausi
jelio,ebanjelio
jeria,aljeria
jirafa,jirafa
joan,joan
joana,joana
joka,joka
joko,joko
jon,jon
joni,joni
jorrail,jorrail
jostun,jostun
jota,jota
joten,joten
julen,julen
k asko,eskerrik asko
kabil,ukabil
kaera,astebukaera
kafe,kafe
kahuete,kakahuete
kaiku,kaiku
kailao,bakailao
kain,ekain
kaixo,kaixo
kak,kak
kaka,kaka
kako,kako
kakoa,kakoa
kalardo,kakalardo
kaldari,sukaldari
kaldun,euskaldun
kale,kale
kalean,kalean
kalte,kalte
kaltegi,euskaltegi
kamerun,kamerun
kanada,kanada
kandela,kandela
kanguru,kanguru
kano,amerikano
kanpai,kanpai
kapar,kapar
kapo,kapo
karaoke,karaoke
karbono,karbono
karen,karen
karna,ekarna
karroin,karroin
kartago,kartago
kasle,irakasle
kasta,lakasta
kastola,ikastola
kat,haukat
katan,katan
kater,skater
katua,katua
katuta,nekatuta
kaz,kaz
kazari,nekazari
keak,keak
kean,kean
keek,keek
keekin,keekin
keen,keen
kei,kei
kek,kek
keko,keko
kel,mikel
kemen,kemen
kena,asteazkena
kenegun,neskenegun
keratu,aukeratu
keren,bakeren
keri,bakeri
keria,azerikeria
keta,aukeraketa
ketara,ketara
kete,pakete
khazera,abkhazera
khazia,abkhazia
khaziar,abkhaziar
khstan,kazakhstan
khstani,kazakhstani
kiar,eslovakiar
kik,dakik
kil,zakil
kilari,argazkilari
kilo-,kilo-
kinoso,eskinoso
kiribil,kiribil
kirmen,kirmen
kitze,erabakitze
klatu,teklatu
klera,klera
kles,sofokles
koala,koala
koartza,koartza
kobre,kobre
kode,kode
kodilo,krokodilo
kodilok,krokodilok
kohol,alkohol
kohola,alkohola
koholan,alkoholan
koholen,alkoholen
koholi,alkoholi
koholik,alkoholik
koi,marikoi
koina,zikoina
koke,koke
kokots,kokots
kol,oskol
kola,eskola
kolera,kolera
kologia,psikologia
komentu,komentu
kometa,kometa
kondo,ukondo
konio,zirkonio
kono,kono
kontu,kontu
koptero,helikoptero
kora,aizkora
kordeoi,akordeoi
koria,txikoria
koru,koru
kots,kokots
kozia,eskozia
kozpeko,kokozpeko
kraina,ukraina
krata,demokrata
krater,krater
kre,azukre
kriket,kriket
kroazia,kroazia
krobata,akrobata
kros,kros
ktoria,traiektoria
ktrodo,elektrodo
 afrika,hego afrika
kua,kua
kuan,kuan
kuantu,kuantu
kuba,kuba
kuk,kuk
kuko,kuko
kuku,kuku
kulero,kulero
kultura,kultura
kuma,kuma
kumara,kumara
 arabia,saudi arabia
kumentu,dokumentu
kune,huskune
 asko,eskerrik asko
 batean,behin batean
kura,kura
kuren,kuren
kuri,kuri
kurioa,merkurioa
kurkume,txakurkume
kurra,txakurra
kurri,irakurri
kusi,ikusi
kusoinu,eskusoinu
kutitz,eskutitz
kuttun,kuttun
kutun,kutun
kuz,kuz
l duzu,ingelesez hitz egiten al duzu
laba,alaba
labar,labar
labaren,alabaren
laben,alaben
labur,labur
ladesh,bangladesh
laga,laga
lagarro,olagarro
lage,collage
lagun,lagun
laguna,laguna
laguni,laguni
lahar,lahar
lai,alai
laia,plaia
 batua,erresuma batua
lakasta,lakasta
laku,laku
 behin,bazen behin
 beltz,zulo beltz
 duzu,ingelesez hitz egiten al duzu
landare,landare
 egun,gaur egun
 faso,burkina faso
langar,langar
lania,gaztelania
lanka,sri lanka
 handia,britainia handia
lanta,planta
lantain,plantain
lante,bolante
lao,bakailao
laos,laos
lapar,lapar
 lanka,sri lanka
laranja,laranja
lardo,kakalardo
 lehen,zenbaki lehen
larra,zilarra
larri,belarri
laser,laser
lastail,lastail
laster,laster
lastiko,plastiko
later,plater
laterra,ingalaterra
lats,lats
 marino,san marino
 moduz,zer moduz
lauan,lauan
lauk,lauk
lauko,lauko
laun,belaun
laura,laura
lauri,lauri
laut,laut
lautan,lautan
lavia,jugoslavia
lavian,jugoslavian
laza,plaza
lba,adolba
lbania,albania
lbanian,albanian
lbaniar,albaniar
lbeltz,ilbeltz
lbo,bilbo
 zuria,etxe zuria
-hauts,lore-hauts
ldari,sukaldari
ldarnio,eldarnio
ldavia,moldavia
ldavian,moldavian
-jausi,elur-jausi
ldea,aldea
lder,elder
lderen,alderen
ldi,zaldi
ldil,bildil
lding,holding
-katu,etxe-katu
ldu,gosaldu
ldun,euskaldun
ldunak,euskaldunak
le-,tele-
lea,balea
-sare,armiarma-sare
learen,balearen
lech,cromlech
leen,baleen
lefante,elefante
lefono,telefono
left,copyleft
legar,legar
legen,legen
-stop,auto-stop
lehena,astelehena
lehoi,lehoi
lehoia,lehoia
lei,lei
leiar,leiar
leku,leku
leman,aleman
lemana,alemana
lemania,alemania
a batua,erresuma batua
lenti,ralenti
leoni,leoni
leonora,leonora
lepo,lepo
ler,ler
a faso,burkina faso
leraren,leraren
lerei,lerei
lergia,alergia
lero,kulero
a-sare,armiarma-sare
lesa,ingelesa
lesera,galesera
lesez,badakizu ingelesez
lestina,palestina
leston,charleston
let,let
letasun,abertzaletasun
letizia,letizia
letonia,letonia
letra,letra
leun,leun
leunen,leunen
leuni,leuni
lga,galga
lgaria,bulgaria
lgarian,bulgarian
lgariar,bulgariar
lgika,belgika
lgikar,belgikar
abade,abade
abadea,abadea
liar,italiar
libano,libano
liberia,liberia
libreto,libreto
liburu,liburu
lide,lide
lidia,lidia
abadesa,abadesa
abadez,abadez
abadia,abadia
liken,liken
liko,katoliko
lili,lili
lilian,lilian
lima,lima
abagune,abagune
lina,lina
abak,abak
lino,lino
abal,abal
lionel,lionel
liro,liro
liron,liron
lisi,pirolisi
abala,abala
abalean,abalean
abao,abao
lita,polita
abaren,alabaren
litera,litera
liti,politi
litik,politik
litiko,politiko
litio,litio
lito,aerolito
liza,industrializa
lizar,lizar
lizarki,lizarki
lize,helize
lizia,polizia
liztor,liztor
lje,polje
ljeria,aljeria
lkohol,alkohol
lkohola,alkohola
lkoholi,alkoholi
llage,collage
llama,llama
llie,collie
lling,travelling
llo,cello
abarra,gabarra
lo-,kilo-
abata,abata
lodi,lodi
abbi,rabbi
abbia,rabbia
logika,logika
logismo,neologismo
abbien,rabbien
logramo,kilogramo
lohi,lohi
loi,baloi
abdomen,abdomen
loke,bloke
lomazia,diplomazia
lomb,coulomb
londres,londres
lonia,polonia
loniera,poloniera
lope,antilope
lopedia,entziklopedia
lor,alor
lora,talora
lorail,lorail
lore,lore
losofia,filosofia
losofo,filosofo
lota,pilota
lotan,lotan
lotazil,lotazil
lotsa,lotsa
lotu,lotu
lovakia,eslovakia
lovenia,eslovenia
lown,clown
abegi,abegi
lte,kalte
ltegi,euskaltegi
ltera,maltera
lto,basalto
ltra,infiltra
ltro,feltro
ltu,altu
ltura,kultura
ltxoin,altxoin
abei,abei
abel,sabel
ltzarbe,galtzarbe
luke,luke
luki,luki
lum,curriculum
luma,luma
luminio,aluminio
luor,fluor
lupa,lupa
abendu,abendu
lutismo,absolutismo
lutista,absolutista
ma-sare,armiarma-sare
aberna,taberna
abeste,abeste
madan,ramadan
maforo,semaforo
mahai,mahai
mahats,mahats
abesti,abesti
mai,amai
maiatz,maiatz
abestu,abestu
maila,maila
maite,maite
maiz,maiz
mak,emak
makar,makar
makume,emakume
abiera,arabiera
mali,mali
malia,animalia
maliera,somaliera
malin,malin
malta,malta
maltera,maltera
mamu,mamu
abin,sabin
abio,abio
mandar,mandar
mando,mando
manera,alemanera
abisal,abisal
abitu,abitu
maniera,errumaniera
mantar,mantar
mapa,mapa
abitua,abitua
mar.,mar.
mara,kumara
marasma,marasma
maraun,amaraun
marikoi,marikoi
marino,san marino
abizen,abizen
maroko,maroko
marokon,marokon
marra,marra
marrubi,marrubi
marti,marti
martxo,martxo
able,sable
masusta,masusta
mate,tomate
abo,pabo
matiko,enigmatiko
mauka,mauka
mayte,mayte
aboi,xaboi
mazia,diplomazia
mazte,emazte
mbert,camembert
mbia,cumbia
aboli,aboli
medario,dromedario
meei,semeei
mehe,mehe
meka,domeka
melu,gamelu
membert,camembert
abondo,abondo
menda,menda
mendate,mendate
mende,mende
abonu,abonu
mendia,mendia
mendiez,mendiez
mendoza,mendoza
menia,armenia
meniar,armeniar
meniera,armeniera
abortu,abortu
mera,vietnamera
meralda,esmeralda
meran,primeran
mere,setemere
abrasio,abrasio
merke,merke
merun,kamerun
meruni,kameruni
mesedez,mesedez
abre,sabre
metro,aerometro
mets,amets
mexiko,mexiko
mez,semez
meza,meza
abrigo,abrigo
miamoko,amiamoko
mian,pandemian
miarma,armiarma
mihi,mihi
absente,absente
mikel,mikel
miko,ekonomiko
abside,abside
milia,familia
min,min
absurdo,absurdo
minio,aluminio
minioa,aluminioa
mino,tximino
minutu,minutu
miren,miren
misil,misil
abu,abu
mitin,mitin
mito,mito
mlech,cromlech
mnasio,gimnasio
moduz,zer moduz
moking,smoking
abundi,abundi
mokrata,demokrata
molde,molde
mologia,epistemologia
monako,monako
abundio,abundio
morro,zomorro
mosfera,termosfera
mota,mota
motel,motel
motz,motz
motza,motza
mping,camping
mpus,campus
muga,muga
mugan,mugan
mugen,mugen
mugitu,mugitu
mundu,mundu
munismo,komunismo
munista,komunista
mus,mus
museo,museo
musika,musika
musker,musker
musu,musu
mutu,mutu
n behin,bazen behin
na faso,burkina faso
naba,naba
nabar,nabar
nada,kanada
nadin,nadin
nafar,nafar
nafora,anafora
nagon,nagon
nagrama,anagrama
nahi,nahi
nai,unai
naik,naik
nain,nain
nak,euskaldunak
nakar,nakar
nako,monako
nal,internazional
abur,labur
nalista,nazionalista
nam,vietnam
namera,vietnamera
namika,aerodinamika
nano,nano
nanori,nanori
aburu,aburu
abuztu,abuztu
narba,ainarba
nare,nare
adagio,adagio
adan,ramadan
adaro,adaro
nart,bernart
nasa,nasa
nasai,nasai
nasen,nasen
nasio,gimnasio
naski,naski
nat,dinat
natomia,anatomia
nator,nator
natu,senatu
nau,nau
nauka,nauka
naut,arnaut
nauta,aeronauta
adats,adats
nazan,nazan
nazaten,nazaten
nbat,larunbat
nbata,larunbata
nbor,danbor
ncer,cancer
ade,abade
ndaba,indaba
ndakari,lehendakari
adea,abadea
ndare,landare
ndari,dendari
ndarina,mandarina
ndartza,hondartza
ndate,mendate
adegai,abadegai
ndea,igandea
ndela,kandela
ndemia,pandemia
ndemian,pandemian
ndente,independente
nder,ander
ndera,bandera
ndere,andere
ndereño,andereño
adegi,adegi
adenina,adenina
adesa,abadesa
adesh,bangladesh
ndiez,mendiez
ndio,abundio
nditan,menditan
adez,abadez
ndora,pandora
ndorra,andorra
ndorran,andorran
ndoza,mendoza
ndre,andre
ndres,londres
adian,radian
nea,enea
nebari,nebari
neben,neben
negar,negar
negro,montenegro
negu,negu
neguei,neguei
neguil,neguil
adibide,adibide
nek,enek
neko,eneko
nel,lionel
adin,nadin
neo,igneo
neon,neon
adio,radio
neren,eneren
neritz,eneritz
nesa,maionesa
nesia,indonesia
nesiera,indonesiera
neska,neska
neu,neu
neuk,neuk
nez,enez
nfiltra,infiltra
ngapur,singapur
ngar,langar
ngaria,hungaria
ngarian,hungarian
ngariar,hungariar
ngelera,ingelera
ngeles,ingeles
ngelesa,ingelesa
ngelu,angelu
ngi,ongi
ngibre,jengibre
ngoikoa,jaungoikoa
ngola,angola
ngolan,angolan
ngolia,mongolia
nguino,pinguino
ngula,angula
ngurri,txingurri
nguru,kanguru
nhoa,ainhoa
aditu,aditu
aditz,aditz
adizio,tradizio
nien,nien
adolba,adolba
nigma,enigma
nika,elektronika
niko,artseniko
nikoa,artsenikoa
nil,dagonil
nimalia,animalia
nimarka,danimarka
nime,anime
nina,adenina
adon,radon
nioa,aluminioa
niro,niro
nis,tenis
nisia,tunisia
nisian,tunisian
adore,adore
ados,ados
nistan,afganistan
nistria,transnistria
nitan,nitan
nitate,trinitate
niza,organiza
nja,laranja
njelio,ebanjelio
adreilu,adreilu
nkari,zezenkari
nker,anker
nkien,henkien
nking,ranking
adur,adur
nku,banku
nlandia,finlandia
noa,noa
noar,noar
nodo,anodo
nofobia,xenofobia
nogat,nogat
aeb,aeb
aera,astebukaera
nomika,ekonomika
nomiko,ekonomiko
nomo,astronomo
aerobik,aerobik
nondo,aranondo
noplano,ekranoplano
nor,nor
aerobio,aerobio
aerosol,aerosol
nork,nork
nosfera,ionosfera
noso,eskinoso
nostia,donostia
notasun,maskulinotasun
npai,kanpai
nstein,liechtenstein
nsuge,herensuge
afa,jirafa
afar,nafar
ntain,plantain
ntar,mantar
afe,kafe
nti,ralenti
nti-,anti-
ntigua,antigua
ntiguan,antiguan
ntilly,chantilly
ntilope,antilope
ntina,argentina
ntitate,identitate
aforo,semaforo
nton,anton
ntropo,misantropo
ntry,country
ntsektu,intsektu
ntses,frantses
ntton,antton
nttoni,anttoni
afrika,hego afrika
ntum,quantum
ntura,abentura
ntxa,urtxintxa
ntxi,untxi
ntxo,pintxo
ntz,ahuntz
agai,papagai
ntzale,arrantzale
ntzara,antzara
ntzia,frantzia
ntziar,frantziar
ntzien,ontzien
nuke,nuke
nurri,inurri
nus,capricornus
nutu,minutu
o beltz,zulo beltz
o-stop,auto-stop
oala,koala
agar,sagar
oana,joana
oar,noar
oarteko,nazioarteko
oartza,koartza
oasi,oasi
oazia,kroazia
oaziar,kroaziar
oaziera,kroaziera
obata,akrobata
obaten,akrobaten
obia,xenofobia
obik,aerobik
obio,aerobio
obot,robot
obotika,robotika
obre,kobre
obus,autobus
od`,unsupported titles/`period`
ode,kode
odi,lodi
odia,rapsodia
odilo,krokodilo
odilok,krokodilok
agarril,garagarril
odol,odol
odromo,aerodromo
oduz,zer moduz
ody,body
oeira,capoeira
agarro,olagarro
oeta,poeta
oeten,poeten
ofia,filosofia
ofien,filosofien
ofisika,astrofisika
ofo,filosofo
ofobia,xenofobia
ofokles,sofokles
oformo,kloroformo
ofrenia,eskizofrenia
agata,agata
agatan,agatan
ogat,nogat
agate,agate
agaten,agaten
ogi,ogi
age,collage
ogika,logika
ogismo,neologismo
agi,agi
agil,bagil
ogramo,kilogramo
ogro,ogro
ohi,lohi
ohol,alkohol
ohola,alkohola
oholan,alkoholan
oholen,alkoholen
oholi,alkoholi
oholik,alkoholik
agin,hagin
oide,asteroide
oiera,bretoiera
oikoa,jaungoikoa
agio,adagio
agonil,dagonil
oina,zikoina
oinu,eskusoinu
oissant,croissant
agor,agor
agorri,katagorri
okal,bokal
okan,okan
okar,autokar
agorril,agorril
oker,poker
oki,toki
okin,okin
oking,smoking
okles,sofokles
agotan,pagotan
okodilo,krokodilo
okon,marokon
okots,kokots
okrata,demokrata
agu,sagu
agua,sagua
olante,bolante
olar,dolar
olba,adolba
oldavia,moldavia
aguar,jaguar
olding,holding
oldo,leopoldo
agun,lagun
olera,kolera
aguna,laguna
olia,mongolia
oliera,mongoliera
olik,alkoholik
oliko,katoliko
olin,biolin
olisi,pirolisi
olit,polit
olita,polita
oliti,politi
olitik,politik
olitiko,politiko
olito,aerolito
olizia,polizia
olje,polje
ollage,collage
ollie,collie
agunari,lagunari
agune,abagune
aguni,laguni
olonia,polonia
agur,agur
omate,tomate
omazia,diplomazia
omb,coulomb
omeka,domeka
aguzar,saguzar
omentu,komentu
ometa,kometa
ometro,aerometro
ahai,mahai
omika,ekonomika
omiko,ekonomiko
omina,domina
omlech,cromlech
ahate,ahate
omorro,zomorro
ahats,mahats
onako,monako
onal,internazional
onarkia,monarkia
onauta,aeronauta
ahaztu,ahaztu
ondres,londres
ahi,nahi
onel,lionel
onen,aitonen
onesa,maionesa
onesia,indonesia
ongi,ongi
ongolia,mongolia
aho,aho
ahoa,ahoa
onian,estonian
ahora,ahora
ahu,bahu
onika,elektronika
onil,dagonil
onio,zirkonio
onismo,abolizionismo
onista,abolizionista
ahua,chihuahua
ahuete,kakahuete
onomika,ekonomika
onomiko,ekonomiko
onomo,astronomo
onora,leonora
onostia,donostia
onte,ponte
ontu,kontu
ontzien,ontzien
ahuntz,ahuntz
aiatz,maiatz
opaka,opaka
opalo,opalo
aid,raid
opedia,entziklopedia
opeia,onomatopeia
opera,opera
opereta,opereta
aiek,haiek
aien,haien
opoldo,leopoldo
opor,opor
opotamo,hipopotamo
optero,helikoptero
opyleft,copyleft
aijan,azerbaijan
orail,lorail
orain,orain
oratu,oratu
orba,tiorba
orda,borda
ordan,bordan
ordania,jordania
ordano,giordano
ordara,bordara
ordaren,bordaren
ordaria,bordaria
orden,borden
ordeoi,akordeoi
ordez,bordez
ordu,ordu
aijani,azerbaijani
orein,orein
aik,naik
orgasmo,orgasmo
orgia,georgia
orgiar,georgiar
orgiera,georgiera
aiku,kaiku
ailao,bakailao
origen,aborigen
orismo,terrorismo
ork,nork
orka,gorka
aimar,aimar
ormo,kloroformo
ornus,capricornus
aina,ukraina
orotzil,gorotzil
orpo,orpo
orpus,corpus
orra,andorra
orrail,jorrail
orran,andorran
orratar,andorratar
orreaga,orreaga
ainarba,ainarba
aindia,euskaltzaindia
ainera,ukrainera
orrusia,bielorrusia
orte,pasaporte
ortoka,dortoka
ainhoa,ainhoa
ortugal,portugal
ortuges,portuges
ortura,tortura
ortzar,liztortzar
ainia,espainia
oru,koru
orum,quorum
orvegia,norvegia
ainiar,espainiar
osaba,osaba
osaldu,gosaldu
osexual,homosexual
ainko,jainko
osi,erosi
osil,fosil
osion,erosion
oskol,oskol
oslavia,jugoslavia
osniera,bosniera
aio,saio
osofia,filosofia
osofien,filosofien
osofo,filosofo
osol,aerosol
oss,cross
aionesa,maionesa
osta,bosta
ostan,bostan
ostari,postari
ostaro,hostaro
ostato,aerostato
oste,oste
ostegun,ostegun
osti,bosti
ostia,donostia
ostiral,ostiral
osto,hosto
ostruka,ostruka
ostun,jostun
ot-,ot-
aire,aire
otamo,hipopotamo
airea,airea
otasio,potasio
otasioa,potasioa
otasun,maskulinotasun
otazil,lotazil
airean,airean
otel,motel
otele,aristotele
oten,joten
otika,robotika
oto,boto
otore,dotore
aireen,aireen
otsa,lotsa
otsail,otsail
otso,otso
otsoa,otsoa
otu,lotu
otx,ipotx
aise,aise
aite,maite
aitona,aitona
oulomb,coulomb
ountry,country
ovakia,eslovakia
ovakiar,eslovakiar
ovenia,eslovenia
oveniar,esloveniar
owboy,cowboy
own,clown
oxigeno,oxigeno
oza,mendoza
ozia,eskozia
ozial,sozial
aitonen,aitonen
ozpeko,kokozpeko
pabo,pabo
pagai,papagai
pago,pago
pagotan,pagotan
pai,kanpai
paia,papaia
pail,epail
pain,ezpain
painia,espainia
painiar,espainiar
paita,paita
paiz,apaiz
paizgai,apaizgai
paka,opaka
pakete,pakete
aitor,aitor
palo,opalo
pandora,pandora
papagai,papagai
papaia,papaia
papar,papar
paper,paper
aitz,zuhaitz
para,separa
parke,parke
parking,parking
parra,parra
pase,pase
pass,bypass
aixo,kaixo
patata,patata
patu,zapatu
pauso,pauso
pea,pea
peak,peak
pean,pean
pedia,entziklopedia
peek,peek
peen,peen
peia,onomatopeia
pek,pek
aizgai,apaizgai
pel,rappel
aizkora,aizkora
aizto,amesgaizto
peranto,esperanto
peren,peren
pereta,opereta
peri,peri
perik,perik
period`,unsupported titles/`period`
perla,perla
petri,petri
aizu,aizu
pika,pika
piko,piko
pila,pila
pilo,pilo
pilota,pilota
pilu,ispilu
ping,camping
pintxo,pintxo
pinu,pinu
piraña,piraña
piril,apiril
piritu,espiritu
piroi,txipiroi
pistola,pistola
pisu,pisu
pitale,ospitale
pixa,pixa
plaia,plaia
aja,raja
planta,planta
plater,plater
plaza,plaza
poeira,capoeira
poen,apoen
poeta,poeta
poeten,poeten
poi,arpoi
pok,apok
poker,poker
poldo,leopoldo
polen,polen
polit,polit
polita,polita
politi,politi
politik,politik
polizia,polizia
polje,polje
polo,apolo
pologia,antropologia
polonia,polonia
ponia,japonia
poniar,japoniar
poniera,japoniera
ponte,ponte
por,opor
poren,aporen
porte,pasaporte
portu,portu
posfera,troposfera
postari,postari
pot,pot
potamo,hipopotamo
potasio,potasio
potx,ipotx
ppel,rappel
pre,zipre
presa,presa
prost,prost
psodia,rapsodia
ptero,helikoptero
pto,egipto
punta,punta
pur,singapur
purdi,ipurdi
akailao,bakailao
puska,puska
puta,puta
putetxe,putetxe
putre,putre
puzio,prepuzio
pyleft,copyleft
pyright,copyright
quad,quad
quantum,quantum
quark,quark
quasar,quasar
quash,squash
querel,becquerel
quiem,requiem
quorum,quorum
r egun,gaur egun
r moduz,zer moduz
r-jausi,elur-jausi
rabbi,rabbi
rabbia,rabbia
rabbien,rabbien
rabes,trabes
rabia,saudi arabia
rabiera,arabiera
radar,radar
radian,radian
radio,radio
radizio,tradizio
radon,radon
rafa,jirafa
akari,lehendakari
akasle,irakasle
akasta,lakasta
raid,raid
ake,bake
akea,trakea
raina,ukraina
rainera,ukrainera
raja,raja
aker,aker
rakasle,irakasle
rakea,trakea
raketa,aukeraketa
rakin,harakin
raktu,abstraktu
rakurri,irakurri
ral,ostiral
rala,ostirala
ralda,esmeralda
rale,ortzirale
ralenti,ralenti
ralia,australia
ralian,australian
rally,rally
ralogia,mineralogia
akeren,bakeren
ramadan,ramadan
ramo,kilogramo
ramu,aramu
akeri,bakeri
rand,rand
ranja,laranja
ranking,ranking
ranko,franko
rano,arrano
ranondo,aranondo
ranto,esperanto
rantses,frantses
rantzia,frantzia
raoke,karaoke
rap,rap
rappel,rappel
rard,gerard
rardo,gerardo
aketa,aukeraketa
rarkia,hierarkia
rasil,brasil
rasio,abrasio
rasma,marasma
akete,pakete
ratar,andorratar
rategia,estrategia
rater,krater
ratoi,arratoi
ratoia,arratoia
akhstan,kazakhstan
ratxo,garatxo
ratxuri,baratxuri
akia,eslovakia
raun,amaraun
rauts,errauts
rautza,arrautza
raxia,ataraxia
razale,abenturazale
raña,piraña
akiar,eslovakiar
rbaijan,azerbaijan
akien,hakien
rbela,arbela
akiera,eslovakiera
rbia,serbia
rbiera,serbiera
rbola,arbola
rbono,karbono
rbuda,barbuda
rbudan,barbudan
akik,dakik
rdan,bordan
rdania,jordania
rdano,giordano
rdara,bordara
rdaren,bordaren
rdaria,bordaria
rdarien,bordarien
akil,zakil
rdea,izurdea
rdel,fardel
rden,borden
rdeoi,akordeoi
rdez,bordez
akin,harakin
rdin,bardin
akitze,erabakitze
rdori,ardori
rdu,ordu
akoa,kakoa
reaga,orreaga
akon,sakon
rearen,airearen
aktu,abstraktu
reen,aireen
rei,lerei
reiaro,ereiaro
reilu,adreilu
rein,orein
reinu,erreinu
rek,berek
reko,greko
rel,becquerel
aku,laku
rena,barrena
renegun,herenegun
renia,eskizofrenia
rensuge,herensuge
repuzio,prepuzio
requiem,requiem
rera,errera
res,londres
resa,presa
resko,fresko
resuma,erresuma
reta,opereta
reto,libreto
akume,emakume
rez,errez
rezia,grezia
rezko,urrezko
rezur,burezur
reño,andereño
rganiza,organiza
rgasmo,orgasmo
rgi,argi
akurra,txakurra
rgiar,georgiar
rgiera,georgiera
rgin,iturgin
akurri,irakurri
riak,austriak
rializa,industrializa
al duzu,ingelesez hitz egiten al duzu
alaba,alaba
ribil,kiribil
riburu,hiriburu
ricket,cricket
riculum,curriculum
ridge,bridge
rien,bordarien
alaben,alaben
rieta,urrieta
rietxe,erietxe
rigen,aborigen
right,copyright
rigo,abrigo
alai,alai
alain,alain
rikano,amerikano
rikeria,azerikeria
riket,kriket
alardo,kakalardo
rikoi,marikoi
riku,bariku
rikume,txerrikume
albania,albania
rilio,berilio
rimeran,primeran
aldar,portugaldar
rina,mandarina
ring,catering
rino,san marino
aldari,sukaldari
rioa,merkurioa
riod`,unsupported titles/`period`
riro,berriro
ris,gris
aldea,aldea
rit,berit
ritar,baserritar
ritasun,eritasun
ritegi,inurritegi
ritu,espiritu
alderen,alderen
ritze,miarritze
ritzi,iritzi
riza,militariza
rizki,harizki
aldi,zaldi
aldo,saldo
aldu,gosaldu
aldun,euskaldun
rkiera,turkiera
rking,parking
rkonio,zirkonio
rkume,txakurkume
rkurioa,merkurioa
aldunak,euskaldunak
rlanda,irlanda
rle,erle
rleston,charleston
rling,curling
alea,balea
rman,german
rmana,germana
rmen,kirmen
rmenia,armenia
rmeniar,armeniar
rmiarma,armiarma
rmita,ermita
rmo,kloroformo
alearen,balearen
rnart,bernart
rnaut,arnaut
aleen,baleen
rnen,barnen
rnio,eldarnio
rnus,capricornus
aleman,aleman
roazia,kroazia
roaziar,kroaziar
robata,akrobata
robaten,akrobaten
robik,aerobik
robio,aerobio
robot,robot
rodo,elektrodo
rodromo,aerodromo
roformo,kloroformo
alemana,alemana
alenti,ralenti
alera,portugalera
alergia,alergia
roide,asteroide
roin,karroin
roko,maroko
rokon,marokon
rolisi,pirolisi
rolito,aerolito
rologia,neurologia
rometro,aerometro
romlech,cromlech
romo,aerodromo
ales,gales
ronauta,aeronauta
rondo,sagarrondo
rone,cicerone
ronika,elektronika
alesera,galesera
ronomo,astronomo
ronu,tronu
ropa,arropa
roplano,aeroplano
ropo,misantropo
rorismo,terrorismo
alga,galga
aliar,italiar
rosfera,hidrosfera
rosi,erosi
rosion,erosion
rosol,aerosol
ross,cross
rost,prost
rostato,aerostato
rote,dirote
rotzil,gorotzil
roz,arroz
rpo,orpo
rpoi,arpoi
rpus,corpus
alie,balie
rrai,errai
rrail,jorrail
alik,balik
alin,malin
rrano,arrano
rraren,zurraren
rratar,andorratar
rratoi,arratoi
rratoia,arratoia
rrauts,errauts
rrautza,arrautza
alit,balit
rrea,urrea
rreaga,orreaga
aliza,industrializa
rreinu,erreinu
aljeria,aljeria
rrena,barrena
rrera,errera
rresuma,erresuma
rrez,errez
rrezko,urrezko
alkohol,alkohol
rria,txerria
rrieta,urrieta
rriki,txerriki
rrikume,txerrikume
ally,rally
rriro,berriro
rritar,baserritar
rritegi,inurritegi
rritze,miarritze
aloa,taloa
rrogei,berrogei
rroin,karroin
rrondo,sagarrondo
rropa,arropa
rrosa,arrosa
rroz,arroz
rrubi,marrubi
rrun,giltzurrun
alogia,mineralogia
aloi,baloi
rry,curry
rsikera,korsikera
rtago,kartago
rtalde,artalde
rtan,hartan
rtara,hartara
rtaro,urtaro
rtarril,urtarril
alor,alor
rtea,asteartea
rteko,nazioarteko
rter,charter
rtera,artera
rti,marti
rtista,artista
rtitzen,martitzen
rto,arto
rtoka,dortoka
rtrude,gertrude
rtsona,pertsona
alora,talora
rtugal,portugal
rtugali,portugali
rtuges,portuges
rtura,tortura
rtxo,martxo
rtz,hartz
alte,kalte
rtzain,artzain
rtzale,abertzale
rtzar,liztortzar
rtzegun,ortzegun
altegi,euskaltegi
rubi,marrubi
rude,gertrude
ruil,buruil
ruk,buruk
ruka,ostruka
rula,txirula
rum,quorum
rumania,errumania
altera,maltera
runbat,larunbat
runbata,larunbata
rundi,burundi
runi,kameruni
rurogei,hirurogei
rusa,brusa
alto,basalto
altu,altu
altxoin,altxoin
rustra,frustra
ruta,fruta
ruz,hiruz
ruña,iruña
rvegia,norvegia
rxista,marxista
rzo,urzo
alu,alu
sabel,sabel
sabin,sabin
sable,sable
sabre,sabre
sagar,sagar
sagu,sagu
sagua,sagua
saguzar,saguzar
amadan,ramadan
amai,amai
saio,saio
sakon,sakon
sal,abisal
salda,salda
saldo,saldo
saldu,gosaldu
salto,basalto
sama,sama
samar,samar
amaraun,amaraun
sant,croissant
sapal,usapal
sape,besape
saporte,pasaporte
sar,quasar
sara,basara
saran,basaran
amatika,gramatika
sari,sari
sarna,sarna
sarri,sarri
saso,itsaso
satan,satan
amelu,gamelu
sategi,usategi
sati,basati
sator,sator
satsu,satsu
saurre,besaurre
sbatza,abesbatza
sedez,mesedez
amera,vietnamera
seia,seia
seien,seien
sein,sein
seitan,seitan
sektu,intsektu
sela,gisela
seme,seme
semea,semea
semeei,semeei
semez,semez
amerun,kamerun
senar,senar
senatu,senatu
sendi,sendi
seniko,artseniko
senikoa,artsenikoa
sente,absente
seo,museo
separa,separa
ser,laser
sera,galesera
serbia,serbia
serri,baserri
ses,frantses
sexu,sexu
sexual,homosexual
sexuali,homosexuali
sez,badakizu ingelesez
ameruni,kameruni
sgaizto,amesgaizto
shi,sushi
amets,amets
sian,tunisian
ami,tatami
side,abside
sidente,presidente
amika,aerodinamika
sik,hutsik
amilia,familia
sikera,korsikera
siku,siku
amina,anfetamina
simila,asimila
amoko,amiamoko
sioa,potasioa
sion,erosion
sira,desira
siria,siria
sita,bisita
sits,sits
amore,amore
skal,euskal
skaldun,euskaldun
skara,euskara
amping,camping
skate,skate
skater,skater
ske,aske
ampus,campus
skera,euskera
anada,kanada
skinoso,eskinoso
anafora,anafora
skol,oskol
skola,eskola
skozia,eskozia
sku,esku
skune,huskune
skutitz,eskutitz
sla,isla
slandia,islandia
slari,abeslari
slavia,jugoslavia
slavian,jugoslavian
sle,irakasle
anan,ghanan
sma,marasma
anari,janari
smoking,smoking
sne,esne
sniera,bosniera
soa,otsoa
sodia,rapsodia
sofia,filosofia
sofien,filosofien
sofo,filosofo
soil,soil
soin,soin
soinu,eskusoinu
sok,besok
soka,soka
sol,aerosol
sona,pertsona
sor,sor
sozial,sozial
spainia,espainia
spilu,ispilu
spiritu,espiritu
spitale,ospitale
squash,squash
ssant,croissant
anarkia,anarkia
stail,lastail
anbor,danbor
standar,afganistandar
stani,kazakhstani
stari,postari
staro,hostaro
stasun,aberastasun
statika,aerostatika
stato,aerostato
statua,estatua
statura,estatura
ancer,cancer
stearte,astearte
steburu,asteburu
stegun,ostegun
steguna,osteguna
stein,liechtenstein
sten,hasten
ster,laster
sterio,monasterio
stetxe,ikastetxe
and,rand
stia,donostia
stiko,plastiko
stina,palestina
stinar,palestinar
sting,casting
stiral,ostiral
stirala,ostirala
stituta,prostituta
andare,landare
ande,igande
ston,charleston
stonia,estonia
stonian,estonian
stoniar,estoniar
stop,auto-stop
storia,historia
stotele,aristotele
stra,frustra
straktu,abstraktu
stralia,australia
strata,estrata
andea,igandea
striak,austriak
strian,austrian
striar,austriar
struka,ostruka
stu,abestu
stun,jostun
sturba,masturba
sudur,sudur
suedia,suedia
sufre,sufre
sufrea,sufrea
sugar,sugar
andela,kandela
suin,suin
suitza,suitza
andemia,pandemia
sumendi,sumendi
ander,ander
andera,bandera
sunen,asunen
sur,sur
surde,basurde
surdo,absurdo
sushi,sushi
susi,itsusi
susta,masusta
suts,bisuts
andere,andere
ando,mando
andora,pandora
andorra,andorra
andre,andre
angar,langar
tabako,tabako
taberna,taberna
tabi,hogeitabi
tafora,metafora
tago,kartago
tagorri,katagorri
tagrama,pentagrama
angelu,angelu
angola,angola
tain,plantain
tak,batak
angolan,angolan
tale,ospitale
talia,italia
talian,italian
taliar,italiar
taliera,italiera
talismo,kapitalismo
talista,kapitalista
talo,talo
taloa,taloa
talora,talora
tami,tatami
tamina,anfetamina
tamo,hipopotamo
angula,angula
tandar,afganistandar
tani,kazakhstani
taniera,okzitaniera
tanto,tanto
anguru,kanguru
anian,albanian
taraxia,ataraxia
anime,anime
tarismo,militarismo
tariza,militariza
anistan,afganistan
tarril,urtarril
tarte,tarte
tasio,potasio
tasioa,potasioa
aniza,organiza
tasuna,euskadi ta askatasuna
tata,patata
tatami,tatami
anja,laranja
tati,tati
tatika,aerostatika
tato,aerostato
tatua,estatua
tatura,estatura
taula,taula
taxi,taxi
tazil,lotazil
tbol,futbol
anjelio,ebanjelio
teak,teak
anker,anker
tearte,astearte
teartea,asteartea
teazken,asteazken
teburu,asteburu
teek,teek
teen,teen
anking,ranking
tegia,estrategia
tegun,ostegun
teguna,osteguna
tein,liechtenstein
teismo,ateismo
rbe,galtzarbe
teklatu,teklatu
anko,franko
anku,banku
telania,gaztelania
tele,aristotele
tele-,tele-
telehen,astelehen
telera,gaztelera
temere,setemere
anodo,anodo
tena,atena
tenegro,montenegro
tenis,tenis
tente,tente
teologo,teologo
anondo,aranondo
anori,nanori
teren,teren
teri,teri
terik,terik
tering,catering
terio,monasterio
tero,helikoptero
teroide,asteroide
terra,ingalaterra
tete,etete
anpai,kanpai
ant,croissant
ti-,anti-
tia,donostia
tibia,tibia
tigre,tigre
tigrea,tigrea
tigua,antigua
tiguan,antiguan
tiheroi,antiheroi
anta,planta
antain,plantain
tikari,politikari
antar,mantar
tilly,chantilly
tilope,antilope
tin,mitin
anti-,anti-
tinar,palestinar
tinda,tinda
ting,casting
tio,litio
tiorba,tiorba
tiral,ostiral
tirala,ostirala
tiro,tiro
antigua,antigua
antilly,chantilly
titate,identitate
tituta,prostituta
titz,eskutitz
titzen,martitzen
tizia,letizia
tnam,vietnam
tnamera,vietnamera
to-stop,auto-stop
tobus,autobus
toi,arratoi
toia,arratoia
toiera,bretoiera
toil,toil
toka,dortoka
tokar,autokar
toki,toki
anton,anton
toliko,katoliko
tologia,hematologia
tomate,tomate
tomia,anatomia
tomo,atomo
antropo,misantropo
antses,frantses
tonen,aitonen
toni,anttoni
antton,antton
tonian,estonian
toniar,estoniar
anttoni,anttoni
top,auto-stop
topa,topa
topeia,onomatopeia
topo,topo
antu,kuantu
tore,dotore
tori,tori
antum,quantum
torri,etorri
tortura,tortura
tortzar,liztortzar
antzale,arrantzale
totele,aristotele
antzara,antzara
trabes,trabes
trafiko,trafiko
trakea,trakea
traktu,abstraktu
tralia,australia
tralian,australian
trata,estrata
tre,putre
tren,tren
tri,petri
antzia,frantzia
triak,austriak
trian,austrian
triar,austriar
antziar,frantziar
trodo,elektrodo
trogeno,nitrogeno
tronika,elektronika
tronomo,astronomo
tronu,tronu
tropo,misantropo
trude,gertrude
truka,ostruka
try,country
tsa,lotsa
tsail,otsail
tsaso,itsaso
tse,etse
tsektu,intsektu
tseniko,artseniko
tses,frantses
tsik,hutsik
tso,otso
tsoa,otsoa
tsona,pertsona
tsu,satsu
tsusi,itsusi
tton,antton
ttoni,anttoni
ttun,kuttun
anu,banu
tuania,lituania
tugal,portugal
tugali,portugali
tuges,portuges
tum,quantum
aoke,karaoke
tuna,ugaztuna
tunisia,tunisia
aos,laos
turba,masturba
turgin,iturgin
turiera,asturiera
turkia,turkia
apa,mapa
tutu,tutu
apagai,papagai
txada,fatxada
apaia,papaia
txar,txatxar
txaro,txaro
txarro,txarro
txatxar,txatxar
apaiz,apaiz
txerri,txerri
txerria,txerria
txi,untxi
tximino,tximino
txina,txina
txintxa,urtxintxa
txirula,txirula
apata,zapata
txoin,altxoin
txori,txori
txuri,baratxuri
apatu,zapatu
ape,besape
tzain,artzain
aper,paper
tzar,liztortzar
tzara,antzara
tzarbe,galtzarbe
apez,apez
tzegun,ortzegun
tzelari,atzelari
tzen,martitzen
tzezko,haritzezko
apiril,apiril
tzia,frantzia
tziar,frantziar
tzien,ontzien
apoeira,capoeira
tzirale,ortzirale
tzo,atzo
tzuetan,batzuetan
tzurrun,giltzurrun
uad,quad
uahua,chihuahua
ual,homosexual
uali,homosexuali
apoen,apoen
uania,lituania
uaniera,lituaniera
uantu,kuantu
uantum,quantum
uar,jaguar
uark,quark
uarrain,katuarrain
uasar,quasar
uash,squash
uazten,eguazten
uba,kuba
uberri,eguberri
apok,apok
apolo,apolo
udal,udal
udan,barbudan
udara,udara
udazken,udazken
aponia,japonia
uden,dauden
udur,sudur
uedia,suedia
uediera,suediera
uei,neguei
uek,zuek
uela,duela
aponiar,japoniar
uenara,gauenara
ueno,bueno
uerel,becquerel
uetan,batzuetan
uete,kakahuete
ufalo,bufalo
ufre,sufre
ufrea,sufrea
uga,muga
ugal,portugal
ugaldar,portugaldar
ugalera,portugalera
ugali,portugali
ugan,mugan
ugar,sugar
ugaztun,ugaztun
aporen,aporen
ugen,mugen
uges,portuges
ugitu,mugitu
uhaitz,zuhaitz
uharte,uharte
uher,uher
uiem,requiem
aporte,pasaporte
uin,suin
uino,pinguino
uitza,suitza
appel,rappel
ukabil,ukabil
ukaera,astebukaera
ukat,haukat
apsodia,rapsodia
uken,duken
ukera,aukera
ukeratu,aukeratu
apur,singapur
ar.,mar.
ukondo,ukondo
ukraina,ukraina
ukre,azukre
uku,kuku
arabia,saudi arabia
ulen,julen
ulero,kulero
ulgaria,bulgaria
uli,euli
ulo,zulo
ulomb,coulomb
ultura,kultura
ulu,ulu
ulum,curriculum
arai,garai
umania,errumania
umaniar,errumaniar
umara,kumara
umbia,cumbia
arakin,harakin
umendi,sumendi
umentu,dokumentu
uminio,aluminio
uminioa,aluminioa
umo,umo
aramu,aramu
unai,unai
unak,euskaldunak
unari,lagunari
unbat,larunbat
unbata,larunbata
aranja,laranja
undio,abundio
undu,mundu
araoke,karaoke
arasma,marasma
ungaria,hungaria
aratxo,garatxo
unisia,tunisia
unisian,tunisian
unismo,komunismo
unista,komunista
unta,punta
untry,country
untxi,untxi
untz,ahuntz
araun,amaraun
uor,fluor
uorum,quorum
upa,lupa
ur egun,gaur egun
araxia,ataraxia
urak,urak
urazale,abenturazale
urba,masturba
arbe,galtzarbe
urdea,izurdea
urdi,ipurdi
urdo,absurdo
arbela,arbela
urean,urean
arbi,garbi
urezur,burezur
urgin,iturgin
arbola,arbola
uria,etxe zuria
uriera,asturiera
arbono,karbono
urioa,merkurioa
urki,urki
urkia,turkia
urkiera,turkiera
urkume,txakurkume
urling,curling
arbuda,barbuda
uroi,euroi
uron,euron
arbudan,barbudan
urran,zurran
urraren,zurraren
ard,gerard
urrea,urrea
urren,zurren
urrezko,urrezko
arda,yarda
urrieta,urrieta
urril,urril
urrun,giltzurrun
urry,curry
urtaro,urtaro
ardel,fardel
uruil,buruil
uruk,buruk
urundi,burundi
urzo,urzo
usa,brusa
usapal,usapal
usategi,usategi
useo,museo
ushi,sushi
ardi,ardi
ardin,bardin
ardori,ardori
argi,argi
usika,musika
uska,puska
uskal,euskal
uskara,euskara
usker,musker
uskera,euskera
uskune,huskune
arien,bordarien
usoinu,eskusoinu
usta,masusta
usti,busti
ustra,frustra
ustria,austria
ustriak,austriak
ustrian,austrian
ustriar,austriar
usu,musu
arik,barik
utan,lautan
utbol,futbol
ute,haute
utetxe,putetxe
arikoi,marikoi
ariku,bariku
utista,absolutista
utitz,eskutitz
uto,auto
utobus,autobus
utokar,autokar
utre,putre
aril,garil
utsik,hutsik
uttun,kuttun
arina,mandarina
utun,kutun
utxa,dutxa
utza,arrautza
uve,uve
uvea,uvea
uvek,uvek
uveren,uveren
uza,gauza
uzar,saguzar
uzio,prepuzio
uzki,eguzki
uztail,uztail
uztu,abuztu
uzu,ingelesez hitz egiten al duzu
uña,iruña
vakia,eslovakia
vakiar,eslovakiar
vakiera,eslovakiera
vea,uvea
vegia,norvegia
vegiera,norvegiera
vek,uvek
velling,travelling
venia,eslovenia
veniar,esloveniar
veniera,esloveniera
veren,uveren
arino,san marino
ario,dromedario
vietnam,vietnam
wboy,cowboy
xaboi,xaboi
xada,fatxada
arismo,militarismo
xakurra,txakurra
xar,txatxar
xaro,txaro
xarro,txarro
xatxar,txatxar
xe-katu,etxe-katu
xekiera,txekiera
xen,ixen
xerri,txerri
xerria,txerria
xerriki,txerriki
xez,ixez
xia,ataraxia
xigeno,oxigeno
xiko,mexiko
xikoria,txikoria
ximino,tximino
xina,txina
xintxa,urtxintxa
xipiroi,txipiroi
xirula,txirula
xista,marxista
xoin,altxoin
xori,txori
xual,homosexual
xuali,homosexuali
xuri,baratxuri
yarda,yarda
yleft,copyleft
ypass,bypass
yright,copyright
aritz,haritz
zagon,zagon
zahar,zahar
zail,zail
ariza,militariza
arizki,harizki
zaindia,euskaltzaindia
zakil,zakil
zakur,zakur
zal,azal
zaldi,zaldi
arke,parke
zama,zama
arki,lizarki
zapata,zapata
zapatu,zapatu
arking,parking
zara,antzara
zarbe,galtzarbe
zare,zizare
zari,nekazari
zarki,lizarki
zaro,azaro
zate,bezate
zaten,nazaten
armenia,armenia
zea,zea
zean,zean
zeba,izeba
zebra,zebra
zeek,zeek
zeen,zeen
zegun,ortzegun
zeil,zezeil
zein,zein
zek,zek
arnaut,arnaut
zelari,atzelari
zemendi,zemendi
arne,barne
zenkari,zezenkari
arnen,barnen
arnio,eldarnio
aroko,maroko
zerik,zerik
zerk,zerk
zero,zero
zerri,zerri
zeru,zeru
zeta,zeta
zeu,zeu
zeure,zeure
zezeil,zezeil
zezen,zezen
zezko,haritzezko
zgai,apaizgai
arokon,marokon
zial,sozial
zian,zian
arpoi,arpoi
zibil,zibil
zido,azido
ziek,ziek
arrano,arrano
zienda,azienda
ziera,kroaziera
zikoina,zikoina
arratoi,arratoi
zilar,zilar
zilarra,zilarra
ziliera,siziliera
arrena,barrena
zional,internazional
zipre,zipre
zirale,ortzirale
zistan,kirgizistan
zizare,zizare
arritze,miarritze
zkena,asteazkena
zker,ezker
arroin,karroin
zkilari,argazkilari
zkin,hegazkin
arrondo,sagarrondo
zkora,aizkora
arropa,arropa
zomorro,zomorro
zon,gizon
zor,zor
zori,zori
zorro,zorro
arrosa,arrosa
zotz,izotz
zotza,izotza
zotzil,izotzil
zozo,zozo
zpain,ezpain
zpata,ezpata
zpeko,kokozpeko
arroz,arroz
ztail,uztail
arrubi,marrubi
ztegi,hiztegi
ztelera,gaztelera
zten,eguazten
zto,amesgaizto
ztor,liztor
artago,kartago
ztun,ugaztun
ztuna,ugaztuna
zuan,zuan
zubi,zubi
zuek,zuek
zuetan,batzuetan
zuhaitz,zuhaitz
zukre,azukre
zulo,zulo
artalde,artalde
zurde,izurde
zurdea,izurdea
zuri,zuri
zuria,etxe zuria
zurra,zurra
zurran,zurran
zurren,zurren
zurrun,giltzurrun
zut,zut
,ghanan
